Date,is_live,prob_voo,p0,alpha_score_raw,alpha_score,component_agreement,entry_z_eff,agreement_min_eff,signal_strength,defense_alpha_scale,governance_mult,caution_shrink,alpha_scale_effective,excess_vol10,vol_shrink,eligible,eligibility_reason,alpha_leg,alpha_position,alpha_abs,w_alpha_voo,w_alpha_ief,dist_overlay_on_g53,dist_overlay_strength_g53,dist_trust_score_g53,dist_width_caution_g53,uncertainty_penalty_g5,prob_source,tape_source
2020-01-01,0,0.1175251400024854,0.3122918675875193,,,0.0,0.576196,0.52177,,0.65,0.6,0.782297,0.305096,0.05461,0.82072,0,high_risk_veto,FLAT,0.0,0.0,0.0,0.0,0,0.0,0.421459,0.763516,0.65,part2a21_soft_caution_overlay,artifacts_part2_g532/predictions/g532_final_consensus_tape.csv
2020-01-10,0,0.1365136527102391,0.5146367431951825,,,0.0,0.583499,0.523857,,0.75,0.6,0.761431,0.342644,0.108267,0.697804,0,weak_score,FLAT,0.0,0.0,0.0,0.0,0,0.0,0.406853,0.867846,0.65,part2a21_soft_caution_overlay,artifacts_part2_g532/predictions/g532_final_consensus_tape.csv
2020-01-21,0,0.127400479126104,0.4304968677323432,,,0.0,0.59275,0.5265,,0.65,0.6,0.735,0.28665,0.092659,0.729589,0,high_risk_veto,FLAT,0.0,0.0,0.0,0.0,0,0.0,0.388352,1.0,0.65,part2a21_soft_caution_overlay,artifacts_part2_g532/predictions/g532_final_consensus_tape.csv
2020-01-30,0,0.1525887256076669,0.5772966432535359,,,0.0,0.58914,0.525469,,0.65,0.6,0.745315,0.290673,0.158222,0.612411,0,high_risk_veto,FLAT,0.0,0.0,0.0,0.0,1,0.043089,0.483113,0.894564,0.65,part2a21_soft_caution_overlay,artifacts_part2_g532/predictions/g532_final_consensus_tape.csv
2020-02-10,0,0.142960575755564,0.5345209435790964,,,0.0,0.586687,0.524768,,0.75,0.6,0.752324,0.338546,0.209435,0.544146,0,weak_score,FLAT,0.0,0.0,0.0,0.0,0,0.0,0.400478,0.91338,0.65,part2a21_soft_caution_overlay,artifacts_part2_g532/predictions/g532_final_consensus_tape.csv
2020-02-19,0,0.1219549344629807,0.4371204581922092,,,0.0,0.590296,0.525799,,0.75,0.6,0.742013,0.333906,0.086815,0.742248,0,weak_score,FLAT,0.0,0.0,0.0,0.0,0,0.0,0.393261,0.964936,0.65,part2a21_soft_caution_overlay,artifacts_part2_g532/predictions/g532_final_consensus_tape.csv
2020-02-28,0,0.1537497815304467,0.6239001817371855,,,0.0,0.594968,0.527134,,0.75,0.6,0.728663,0.327898,0.298982,0.455388,0,weak_score,FLAT,0.0,0.0,0.0,0.0,1,0.025348,0.468352,1.0,0.65,part2a21_soft_caution_overlay,artifacts_part2_g532/predictions/g532_final_consensus_tape.csv
2020-03-10,0,0.3925739843745338,0.8079271661457438,,,0.0,0.59275,0.5265,,0.65,0.6,0.735,0.28665,0.787038,0.241071,0,high_risk_veto,FLAT,0.0,0.0,0.0,0.0,0,0.0,0.388352,1.0,0.65,part2a21_soft_caution_overlay,artifacts_part2_g532/predictions/g532_final_consensus_tape.csv
2020-03-19,0,0.5844530710597622,0.8703002238161428,,,0.0,0.59275,0.5265,,0.65,0.6,0.735,0.28665,1.32916,0.158312,0,high_risk_veto,FLAT,0.0,0.0,0.0,0.0,0,0.0,0.388352,1.0,0.65,part2a21_soft_caution_overlay,artifacts_part2_g532/predictions/g532_final_consensus_tape.csv
2020-03-30,0,0.3753433788219162,0.8107050778853367,,,0.0,0.57997,0.522849,,0.65,0.6,0.771514,0.300891,0.928987,0.212046,0,high_risk_veto,FLAT,0.0,0.0,0.0,0.0,0,0.0,0.413912,0.817428,0.65,part2a21_soft_caution_overlay,artifacts_part2_g532/predictions/g532_final_consensus_tape.csv
2020-04-08,0,0.137082704772621,0.609466650014059,,,0.0,0.594968,0.527134,,0.75,0.6,0.728663,0.327898,0.632403,0.283317,0,weak_score,FLAT,0.0,0.0,0.0,0.0,1,0.025348,0.468352,1.0,0.65,part2a21_soft_caution_overlay,artifacts_part2_g532/predictions/g532_final_consensus_tape.csv
2020-04-17,0,0.1216712783472585,0.5814135449626114,,,0.0,0.579942,0.522841,,0.75,0.6,0.771595,0.347218,0.440337,0.362142,0,weak_score,FLAT,0.0,0.0,0.0,0.0,1,0.062854,0.504967,0.738459,0.65,part2a21_soft_caution_overlay,artifacts_part2_g532/predictions/g532_final_consensus_tape.csv
2020-04-28,0,0.1470238000870906,0.6195018057088147,,,0.0,0.594968,0.527134,,0.75,0.6,0.728663,0.327898,0.36375,0.407332,0,weak_score,FLAT,0.0,0.0,0.0,0.0,1,0.025348,0.468352,1.0,0.65,part2a21_soft_caution_overlay,artifacts_part2_g532/predictions/g532_final_consensus_tape.csv
2020-05-07,0,0.1142115357157836,0.4748869171258556,,,0.0,0.59275,0.5265,,0.75,0.6,0.735,0.33075,0.252498,0.497515,0,weak_score,FLAT,0.0,0.0,0.0,0.0,0,0.0,0.388352,1.0,0.65,part2a21_soft_caution_overlay,artifacts_part2_g532/predictions/g532_final_consensus_tape.csv
2020-05-18,0,0.1301323793061045,0.5714715034540269,,,0.0,0.573786,0.521082,,0.75,0.6,0.789184,0.355133,0.277979,0.473504,0,weak_score,FLAT,0.0,0.0,0.0,0.0,1,0.075968,0.519575,0.634119,0.65,part2a21_soft_caution_overlay,artifacts_part2_g532/predictions/g532_final_consensus_tape.csv
2020-05-27,0,0.1658762442110287,0.6102595558967984,,,0.0,0.571434,0.52041,,0.75,0.6,0.795903,0.358156,0.221244,0.530511,0,weak_score,FLAT,0.0,0.0,0.0,0.0,0,0.0,0.430984,0.695486,0.65,part2a21_soft_caution_overlay,artifacts_part2_g532/predictions/g532_final_consensus_tape.csv
2020-06-05,0,0.2714133307028983,0.7428614816536324,,,0.0,0.561088,0.517454,,0.65,0.6,0.825463,0.321931,0.161459,0.607594,0,high_risk_veto,FLAT,0.0,0.0,0.0,0.0,1,0.001931,0.452014,0.54527,0.65,part2a21_soft_caution_overlay,artifacts_part2_g532/predictions/g532_final_consensus_tape.csv
2020-06-16,0,0.4056935755462082,0.7849437486422041,,,0.0,0.581993,0.523427,,0.65,0.6,0.765734,0.298636,0.422627,0.371677,0,high_risk_veto,FLAT,0.0,0.0,0.0,0.0,0,0.0,0.409866,0.846328,0.65,part2a21_soft_caution_overlay,artifacts_part2_g532/predictions/g532_final_consensus_tape.csv
2020-06-25,0,0.1218517629390746,0.4901514896226298,,,0.0,0.59275,0.5265,,0.75,0.6,0.735,0.33075,0.219876,0.532055,0,weak_score,FLAT,0.0,0.0,0.0,0.0,0,0.0,0.388352,1.0,0.65,part2a21_soft_caution_overlay,artifacts_part2_g532/predictions/g532_final_consensus_tape.csv
2020-07-06,0,0.1323811496088524,0.5174786939665698,,,0.0,0.59275,0.5265,,0.75,0.6,0.735,0.33075,0.256285,0.493793,0,weak_score,FLAT,0.0,0.0,0.0,0.0,0,0.0,0.388352,1.0,0.65,part2a21_soft_caution_overlay,artifacts_part2_g532/predictions/g532_final_consensus_tape.csv
2020-07-15,0,0.2214418661259251,0.1011431267922421,1.487838,1.487838,0.5,0.594968,0.527134,0.46869,0.75,0.6,0.728663,0.327898,0.170683,0.594271,0,low_agreement,FLAT,0.0,0.0,0.0,0.0,1,0.025348,0.468352,1.0,0.65,part2a21_soft_caution_overlay,artifacts_part2_g532/predictions/g532_final_consensus_tape.csv
2020-07-24,0,0.2437369615449161,0.1317549533860161,1.7436,1.615719,0.75,0.594968,0.527134,0.535818,0.75,0.6,0.728663,0.327898,0.137617,0.644967,1,ok,VOO,0.016998,0.016998,0.016998,0.0,1,0.025348,0.468352,1.0,0.65,part2a21_soft_caution_overlay,artifacts_part2_g532/predictions/g532_final_consensus_tape.csv
2020-08-04,0,0.2455969623036528,0.1129175826176115,1.464954,1.565464,0.75,0.594968,0.527134,0.509438,0.75,0.6,0.728663,0.327898,0.132943,0.652839,1,ok,VOO,0.016358,0.016358,0.016358,0.0,1,0.025348,0.468352,1.0,0.65,part2a21_soft_caution_overlay,artifacts_part2_g532/predictions/g532_final_consensus_tape.csv
2020-08-13,0,0.2610567876311347,0.1275099583055914,1.356839,1.521797,0.75,0.594968,0.527134,0.486516,0.65,0.6,0.728663,0.284179,0.092637,0.729634,0,high_risk_veto,FLAT,0.0,0.0,0.0,0.0,1,0.025348,0.468352,1.0,0.65,part2a21_soft_caution_overlay,artifacts_part2_g532/predictions/g532_final_consensus_tape.csv
2020-08-24,0,0.2593452518966607,0.123530428637275,1.342563,1.388118,0.75,0.594968,0.527134,0.416345,0.65,0.6,0.728663,0.284179,0.103665,0.706884,0,high_risk_veto,FLAT,0.0,0.0,0.0,0.0,1,0.025348,0.468352,1.0,0.65,part2a21_soft_caution_overlay,artifacts_part2_g532/predictions/g532_final_consensus_tape.csv
2020-09-02,0,0.2965731687587373,0.1806870916694185,1.316649,1.338684,0.75,0.594968,0.527134,0.390395,0.65,0.6,0.728663,0.284179,0.084643,0.747066,0,high_risk_veto,FLAT,0.0,0.0,0.0,0.0,1,0.025348,0.468352,1.0,0.65,part2a21_soft_caution_overlay,artifacts_part2_g532/predictions/g532_final_consensus_tape.csv
2020-09-11,0,0.2644683052833443,0.1495169366648453,1.395943,1.351718,0.75,0.594968,0.527134,0.397237,0.65,0.6,0.728663,0.284179,0.286636,0.465865,0,high_risk_veto,FLAT,0.0,0.0,0.0,0.0,1,0.025348,0.468352,1.0,0.65,part2a21_soft_caution_overlay,artifacts_part2_g532/predictions/g532_final_consensus_tape.csv
2020-09-22,0,0.2748125394944182,0.147057664223708,0.450164,1.054252,0.5,0.594968,0.527134,0.24109,0.65,0.6,0.728663,0.284179,0.201569,0.553625,0,high_risk_veto,FLAT,0.0,0.0,0.0,0.0,1,0.025348,0.468352,1.0,0.65,part2a21_soft_caution_overlay,artifacts_part2_g532/predictions/g532_final_consensus_tape.csv
2020-10-01,0,0.2952478050473637,0.1764501192006315,0.687098,0.844401,0.5,0.594968,0.527134,0.130934,0.65,0.6,0.728663,0.284179,0.212987,0.539971,0,high_risk_veto,FLAT,0.0,0.0,0.0,0.0,1,0.025348,0.468352,1.0,0.65,part2a21_soft_caution_overlay,artifacts_part2_g532/predictions/g532_final_consensus_tape.csv
2020-10-12,0,0.2418779415204301,0.1156699791800764,0.551831,0.563031,0.5,0.594968,0.527134,0.0,0.65,0.6,0.728663,0.284179,0.203509,0.551256,0,high_risk_veto,FLAT,0.0,0.0,0.0,0.0,1,0.025348,0.468352,1.0,0.65,part2a21_soft_caution_overlay,artifacts_part2_g532/predictions/g532_final_consensus_tape.csv
2020-10-21,0,0.2903681305363266,0.1714075021913665,1.6001,0.946343,0.75,0.594968,0.527134,0.184446,0.65,0.6,0.728663,0.284179,0.139333,0.642124,0,high_risk_veto,FLAT,0.0,0.0,0.0,0.0,1,0.025348,0.468352,1.0,0.65,part2a21_soft_caution_overlay,artifacts_part2_g532/predictions/g532_final_consensus_tape.csv
2020-10-30,0,0.2432343368440918,0.1530741762938636,2.426937,1.526289,0.75,0.594968,0.527134,0.488874,0.75,0.6,0.728663,0.327898,0.237784,0.512522,1,ok,VOO,0.012324,0.012324,0.012324,0.0,1,0.025348,0.468352,1.0,0.65,part2a21_soft_caution_overlay,artifacts_part2_g532/predictions/g532_final_consensus_tape.csv
2020-11-10,0,0.2539348123200892,0.1304129133814194,2.466361,2.164466,1.0,0.594968,0.527134,0.82387,0.75,0.6,0.728663,0.327898,0.270735,0.480091,1,ok,VOO,0.019454,0.019454,0.019454,0.0,1,0.025348,0.468352,1.0,0.65,part2a21_soft_caution_overlay,artifacts_part2_g532/predictions/g532_final_consensus_tape.csv
2020-11-19,0,0.2060596888563235,0.0953768437213992,1.843374,2.245557,1.0,0.594968,0.527134,0.866437,0.75,0.6,0.728663,0.327898,0.181839,0.57892,1,ok,VOO,0.024671,0.024671,0.024671,0.0,1,0.025348,0.468352,1.0,0.65,part2a21_soft_caution_overlay,artifacts_part2_g532/predictions/g532_final_consensus_tape.csv
2020-11-30,0,0.2270915651678416,0.1113060546536812,2.189407,2.166381,1.0,0.594968,0.527134,0.824875,0.75,0.6,0.728663,0.327898,0.136886,0.646185,1,ok,VOO,0.026217,0.026217,0.026217,0.0,1,0.025348,0.468352,1.0,0.65,part2a21_soft_caution_overlay,artifacts_part2_g532/predictions/g532_final_consensus_tape.csv
2020-12-09,0,0.2034124407362225,0.1032114560417542,3.300792,2.444524,1.0,0.594968,0.527134,0.970879,0.75,0.6,0.728663,0.327898,0.120749,0.67431,1,ok,VOO,0.0322,0.0322,0.0322,0.0,1,0.025348,0.468352,1.0,0.65,part2a21_soft_caution_overlay,artifacts_part2_g532/predictions/g532_final_consensus_tape.csv
2020-12-18,0,0.2135499874478802,0.0957338857721181,2.792022,2.76074,1.0,0.594968,0.527134,1.0,0.65,0.6,0.728663,0.284179,0.104341,0.705535,0,high_risk_veto,FLAT,0.0,0.0,0.0,0.0,1,0.025348,0.468352,1.0,0.65,part2a21_soft_caution_overlay,artifacts_part2_g532/predictions/g532_final_consensus_tape.csv
2020-12-29,0,0.2771981464269952,0.155119036797049,2.513847,2.868887,1.0,0.594968,0.527134,1.0,0.65,0.6,0.728663,0.284179,0.067577,0.78721,0,high_risk_veto,FLAT,0.0,0.0,0.0,0.0,1,0.025348,0.468352,1.0,0.65,part2a21_soft_caution_overlay,artifacts_part2_g532/predictions/g532_final_consensus_tape.csv
2021-01-07,0,0.1894476930626322,0.0969265963139784,2.023238,2.443036,0.75,0.59275,0.5265,0.970133,0.65,0.6,0.735,0.28665,0.141236,0.639,0,high_risk_veto,FLAT,0.0,0.0,0.0,0.0,0,0.0,0.388352,1.0,0.65,part2a21_soft_caution_overlay,artifacts_part2_g532/predictions/g532_final_consensus_tape.csv
2021-01-18,0,0.2042816949104756,0.1174648640746277,2.881218,2.472768,1.0,0.594968,0.527134,0.985705,0.65,0.6,0.728663,0.284179,0.135177,0.649052,0,high_risk_veto,FLAT,0.0,0.0,0.0,0.0,1,0.025348,0.468352,1.0,0.65,part2a21_soft_caution_overlay,artifacts_part2_g532/predictions/g532_final_consensus_tape.csv
2021-01-27,0,0.1207682475908128,0.5991443259383963,3.621644,2.842033,1.0,0.59275,0.5265,1.0,0.65,0.6,0.735,0.28665,0.165387,0.601848,0,high_risk_veto,FLAT,0.0,0.0,0.0,0.0,0,0.0,0.388352,1.0,0.65,part2a21_soft_caution_overlay,artifacts_part2_g532/predictions/g532_final_consensus_tape.csv
2021-02-05,0,0.1211260506120899,0.6174011407291108,2.877005,3.126622,1.0,0.59275,0.5265,1.0,0.65,0.6,0.735,0.28665,0.223253,0.528259,0,high_risk_veto,FLAT,0.0,0.0,0.0,0.0,0,0.0,0.388352,1.0,0.65,part2a21_soft_caution_overlay,artifacts_part2_g532/predictions/g532_final_consensus_tape.csv
2021-02-16,0,0.1234863673967434,0.5537487301755846,3.285676,3.261442,1.0,0.59275,0.5265,1.0,0.75,0.6,0.735,0.33075,0.073196,0.773523,1,ok,VOO,0.038376,0.038376,0.038376,0.0,0,0.0,0.388352,1.0,0.65,part2a21_soft_caution_overlay,artifacts_part2_g532/predictions/g532_final_consensus_tape.csv
2021-02-25,0,0.1070523255582108,0.4621344666132168,4.15611,3.439597,1.0,0.59275,0.5265,1.0,0.65,0.6,0.735,0.28665,0.110597,0.693295,0,high_risk_veto,FLAT,0.0,0.0,0.0,0.0,0,0.0,0.388352,1.0,0.65,part2a21_soft_caution_overlay,artifacts_part2_g532/predictions/g532_final_consensus_tape.csv
2021-03-08,0,0.1045291878133681,0.3994900664502756,3.561163,3.66765,0.75,0.59275,0.5265,1.0,0.65,0.6,0.735,0.28665,0.218555,0.533555,0,high_risk_veto,FLAT,0.0,0.0,0.0,0.0,0,0.0,0.388352,1.0,0.65,part2a21_soft_caution_overlay,artifacts_part2_g532/predictions/g532_final_consensus_tape.csv
2021-03-17,0,0.1137568082640568,0.5548757710942732,2.798173,3.505149,0.75,0.59275,0.5265,1.0,0.75,0.6,0.735,0.33075,0.118727,0.678008,1,ok,VOO,0.033638,0.033638,0.033638,0.0,0,0.0,0.388352,1.0,0.65,part2a21_soft_caution_overlay,artifacts_part2_g532/predictions/g532_final_consensus_tape.csv
2021-03-26,0,0.1065569588333579,0.611268819782517,2.319439,2.892925,0.75,0.59275,0.5265,1.0,0.75,0.6,0.735,0.33075,0.145655,0.631863,1,ok,VOO,0.031348,0.031348,0.031348,0.0,0,0.0,0.388352,1.0,0.65,part2a21_soft_caution_overlay,artifacts_part2_g532/predictions/g532_final_consensus_tape.csv
2021-04-06,0,0.1140533699256583,0.4897487411129531,2.962068,2.693227,1.0,0.58947,0.525563,1.0,0.75,0.6,0.74437,0.334967,0.138338,0.643769,1,ok,VOO,0.032346,0.032346,0.032346,0.0,0,0.0,0.394911,0.95315,0.65,part2a21_soft_caution_overlay,artifacts_part2_g532/predictions/g532_final_consensus_tape.csv
2021-04-15,0,0.1231303794862825,0.5666073743579411,2.281261,2.520923,0.75,0.59275,0.5265,1.0,0.75,0.6,0.735,0.33075,0.102974,0.708267,1,ok,VOO,0.035139,0.035139,0.035139,0.0,0,0.0,0.388352,1.0,0.65,part2a21_soft_caution_overlay,artifacts_part2_g532/predictions/g532_final_consensus_tape.csv
2021-04-26,0,0.1133328624530129,0.4915312670444443,2.521383,2.588237,0.75,0.59275,0.5265,1.0,0.75,0.6,0.735,0.33075,0.119546,0.676507,1,ok,VOO,0.033563,0.033563,0.033563,0.0,0,0.0,0.388352,1.0,0.65,part2a21_soft_caution_overlay,artifacts_part2_g532/predictions/g532_final_consensus_tape.csv
2021-05-05,0,0.1071847370584541,0.4376847619715223,2.470788,2.424477,1.0,0.59275,0.5265,0.960402,0.75,0.6,0.735,0.33075,0.11251,0.689636,1,ok,VOO,0.03286,0.03286,0.03286,0.0,0,0.0,0.388352,1.0,0.65,part2a21_soft_caution_overlay,artifacts_part2_g532/predictions/g532_final_consensus_tape.csv
2021-05-14,0,0.1149577168269834,0.5047561365835896,1.548087,2.180086,0.5,0.59275,0.5265,0.832264,0.65,0.6,0.735,0.28665,0.149128,0.626366,0,high_risk_veto,FLAT,0.0,0.0,0.0,0.0,0,0.0,0.388352,1.0,0.65,part2a21_soft_caution_overlay,artifacts_part2_g532/predictions/g532_final_consensus_tape.csv
2021-05-25,0,0.1136120176196046,0.5011118785996307,2.175646,2.06484,1.0,0.59275,0.5265,0.771839,0.75,0.6,0.735,0.33075,0.145629,0.631906,1,ok,VOO,0.024197,0.024197,0.024197,0.0,0,0.0,0.388352,1.0,0.65,part2a21_soft_caution_overlay,artifacts_part2_g532/predictions/g532_final_consensus_tape.csv
2021-06-03,0,0.1140783261374066,0.4845420972641571,2.583295,2.102343,0.75,0.59275,0.5265,0.791502,0.75,0.6,0.735,0.33075,0.060427,0.805343,1,ok,VOO,0.031625,0.031625,0.031625,0.0,0,0.0,0.388352,1.0,0.65,part2a21_soft_caution_overlay,artifacts_part2_g532/predictions/g532_final_consensus_tape.csv
2021-06-14,0,0.1212640959125421,0.6704353658237858,2.073282,2.277408,0.75,0.592257,0.526359,0.883322,0.75,0.6,0.736408,0.331384,0.04882,0.836624,1,ok,VOO,0.036734,0.036734,0.036734,0.0,0,0.0,0.389337,0.992959,0.65,part2a21_soft_caution_overlay,artifacts_part2_g532/predictions/g532_final_consensus_tape.csv
2021-06-23,0,0.1154596773483094,0.4878849452152374,2.396462,2.351013,1.0,0.59275,0.5265,0.921884,0.65,0.6,0.735,0.28665,0.142659,0.636684,0,high_risk_veto,FLAT,0.0,0.0,0.0,0.0,0,0.0,0.388352,1.0,0.65,part2a21_soft_caution_overlay,artifacts_part2_g532/predictions/g532_final_consensus_tape.csv
2021-07-02,0,0.1131998161836395,0.4900695464261047,2.040322,2.170022,0.75,0.59275,0.5265,0.826988,0.75,0.6,0.735,0.33075,0.084878,0.74654,1,ok,VOO,0.03063,0.03063,0.03063,0.0,0,0.0,0.388352,1.0,0.65,part2a21_soft_caution_overlay,artifacts_part2_g532/predictions/g532_final_consensus_tape.csv
2021-07-13,0,0.1122571436249374,0.4999148977571077,2.235147,2.223977,1.0,0.59275,0.5265,0.855277,0.75,0.6,0.735,0.33075,0.113974,0.686862,1,ok,VOO,0.029145,0.029145,0.029145,0.0,0,0.0,0.388352,1.0,0.65,part2a21_soft_caution_overlay,artifacts_part2_g532/predictions/g532_final_consensus_tape.csv
2021-07-22,0,0.1177566504705235,0.5243716194799523,1.851503,2.042324,0.75,0.59275,0.5265,0.760034,0.65,0.6,0.735,0.28665,0.195607,0.561032,0,high_risk_veto,FLAT,0.0,0.0,0.0,0.0,0,0.0,0.388352,1.0,0.65,part2a21_soft_caution_overlay,artifacts_part2_g532/predictions/g532_final_consensus_tape.csv
2021-08-02,0,0.1111301568852503,0.4774693466541276,1.985967,2.024206,1.0,0.59275,0.5265,0.750534,0.75,0.6,0.735,0.33075,0.14353,0.635275,1,ok,VOO,0.023655,0.023655,0.023655,0.0,0,0.0,0.388352,1.0,0.65,part2a21_soft_caution_overlay,artifacts_part2_g532/predictions/g532_final_consensus_tape.csv
2021-08-11,0,0.3619550804002404,0.5124771234030223,2.066431,1.967967,1.0,0.592512,0.526432,0.721082,0.65,0.6,0.73568,0.286915,0.101214,0.711817,0,high_risk_veto,FLAT,0.0,0.0,0.0,0.0,1,0.036679,0.475247,0.950749,0.65,part2a21_soft_caution_overlay,artifacts_part2_g532/predictions/g532_final_consensus_tape.csv
2021-08-20,0,0.3005880314824599,0.4780295474508696,1.477876,1.843425,0.75,0.594968,0.527134,0.655347,0.65,0.25,0.728663,0.118408,0.085937,0.744188,0,high_risk_veto,FLAT,0.0,0.0,0.0,0.0,1,0.025348,0.468352,1.0,0.65,part2a21_soft_caution_overlay,artifacts_part2_g532/predictions/g532_final_consensus_tape.csv
2021-08-31,0,0.1668291759748072,0.4201517015282357,2.237545,1.927284,1.0,0.582972,0.523706,0.701248,0.75,0.6,0.762938,0.343322,0.098496,0.717369,1,ok,VOO,0.025906,0.025906,0.025906,0.0,0,0.0,0.407908,0.860311,0.65,part2a21_soft_caution_overlay,artifacts_part2_g532/predictions/g532_final_consensus_tape.csv
2021-09-09,0,0.3903111674453224,0.5199288749602662,2.337082,2.017501,1.0,0.595198,0.5272,0.746693,0.65,0.25,0.728005,0.118301,0.056153,0.816586,0,high_risk_veto,FLAT,0.0,0.0,0.0,0.0,1,0.027981,0.468352,1.0,0.65,part2a21_soft_caution_overlay,artifacts_part2_g532/predictions/g532_final_consensus_tape.csv
2021-09-20,0,0.277329458606563,0.4931686568046031,2.810253,2.461627,1.0,0.595051,0.527157,0.979856,0.65,0.25,0.728426,0.118369,0.131991,0.654466,0,high_risk_veto,FLAT,0.0,0.0,0.0,0.0,1,0.026295,0.468352,1.0,0.65,part2a21_soft_caution_overlay,artifacts_part2_g532/predictions/g532_final_consensus_tape.csv
2021-09-29,0,0.2743530615960384,0.5040804187981629,2.236847,2.461394,1.0,0.595359,0.527246,0.979731,0.65,0.25,0.727545,0.118226,0.191959,0.565663,0,high_risk_veto,FLAT,0.0,0.0,0.0,0.0,1,0.029821,0.468352,1.0,0.65,part2a21_soft_caution_overlay,artifacts_part2_g532/predictions/g532_final_consensus_tape.csv
2021-10-08,0,0.351861902146258,0.5545156837303473,2.229448,2.425516,1.0,0.584379,0.524108,0.961118,0.65,0.25,0.758916,0.123324,0.166243,0.600611,0,high_risk_veto,FLAT,0.0,0.0,0.0,0.0,1,0.069362,0.497231,0.793718,0.65,part2a21_soft_caution_overlay,artifacts_part2_g532/predictions/g532_final_consensus_tape.csv
2021-10-19,0,0.2653867971683957,0.5148805259033383,1.962491,2.142929,0.75,0.583509,0.52386,0.813685,0.65,0.25,0.761402,0.123728,0.119655,0.676306,0,high_risk_veto,FLAT,0.0,0.0,0.0,0.0,1,0.072008,0.499435,0.777978,0.65,part2a21_soft_caution_overlay,artifacts_part2_g532/predictions/g532_final_consensus_tape.csv
2021-10-28,0,0.2054626731750873,0.4506971265587225,1.723073,1.971671,0.75,0.595252,0.527215,0.722625,0.75,0.6,0.72785,0.327533,0.114804,0.6853,1,ok,VOO,0.02433,0.02433,0.02433,0.0,1,0.028599,0.468352,1.0,0.65,part2a21_soft_caution_overlay,artifacts_part2_g532/predictions/g532_final_consensus_tape.csv
2021-11-08,0,0.4083991429725999,0.5660935027763909,2.309966,1.99851,1.0,0.595251,0.527214,0.736716,0.65,0.25,0.727855,0.118276,0.097996,0.718398,0,high_risk_veto,FLAT,0.0,0.0,0.0,0.0,1,0.028579,0.468352,1.0,0.65,part2a21_soft_caution_overlay,artifacts_part2_g532/predictions/g532_final_consensus_tape.csv
2021-11-17,0,0.4206068982919457,0.5784658647479063,2.208911,2.08065,1.0,0.595319,0.527234,0.779832,0.65,0.25,0.727659,0.118245,0.077483,0.763398,0,high_risk_veto,FLAT,0.0,0.0,0.0,0.0,1,0.029365,0.468352,1.0,0.65,part2a21_soft_caution_overlay,artifacts_part2_g532/predictions/g532_final_consensus_tape.csv
2021-11-26,0,0.2594453439664099,0.4938497214358409,2.437605,2.318827,0.75,0.594968,0.527134,0.904898,0.65,0.6,0.728663,0.284179,0.191776,0.565897,0,high_risk_veto,FLAT,0.0,0.0,0.0,0.0,1,0.025348,0.468352,1.0,0.65,part2a21_soft_caution_overlay,artifacts_part2_g532/predictions/g532_final_consensus_tape.csv
2021-12-07,0,0.2157182581713261,0.4655336875928726,0.942817,1.863111,0.5,0.587438,0.524982,0.666997,0.65,0.6,0.750176,0.292569,0.317316,0.440671,0,high_risk_veto,FLAT,0.0,0.0,0.0,0.0,1,0.05647,0.488857,0.853532,0.65,part2a21_soft_caution_overlay,artifacts_part2_g532/predictions/g532_final_consensus_tape.csv
2021-12-16,0,0.3231659948060359,0.5565592774056081,2.342923,1.907782,0.75,0.591427,0.526122,0.689706,0.65,0.25,0.73878,0.120052,0.230598,0.520185,0,high_risk_veto,FLAT,0.0,0.0,0.0,0.0,1,0.045362,0.478936,0.924395,0.65,part2a21_soft_caution_overlay,artifacts_part2_g532/predictions/g532_final_consensus_tape.csv
2021-12-27,0,0.2779783509608672,0.5643239836284536,1.305911,1.53055,0.5,0.580669,0.523048,0.494902,0.65,0.25,0.769516,0.125046,0.200502,0.554936,0,high_risk_veto,FLAT,0.0,0.0,0.0,0.0,1,0.080188,0.506546,0.727185,0.65,part2a21_soft_caution_overlay,artifacts_part2_g532/predictions/g532_final_consensus_tape.csv
2022-01-05,0,0.3816769042956964,0.6191085473982988,2.631842,2.093559,1.0,0.592178,0.526337,0.786961,0.65,0.25,0.736634,0.119703,0.14634,0.630771,0,high_risk_veto,FLAT,0.0,0.0,0.0,0.0,1,0.042519,0.476937,0.938679,0.65,part2a21_soft_caution_overlay,artifacts_part2_g532/predictions/g532_final_consensus_tape.csv
2022-01-14,0,0.2626617792044735,0.5229072730423457,1.534128,1.823961,0.75,0.590547,0.525871,0.645951,0.65,0.6,0.741293,0.289104,0.155282,0.616854,0,high_risk_veto,FLAT,0.0,0.0,0.0,0.0,1,0.043346,0.480343,0.914351,0.65,part2a21_soft_caution_overlay,artifacts_part2_g532/predictions/g532_final_consensus_tape.csv
2022-01-25,0,0.4182778682315551,0.6399355524621507,1.972995,2.046322,0.75,0.595359,0.527246,0.761804,0.65,0.25,0.727545,0.118226,0.170378,0.594703,0,high_risk_veto,FLAT,0.0,0.0,0.0,0.0,1,0.029821,0.468352,1.0,0.65,part2a21_soft_caution_overlay,artifacts_part2_g532/predictions/g532_final_consensus_tape.csv
2022-02-03,0,0.4575884681442888,0.6523239584410033,2.296979,1.934701,0.75,0.595359,0.527246,0.703199,0.65,0.25,0.727545,0.118226,0.24851,0.501495,0,high_risk_veto,FLAT,0.0,0.0,0.0,0.0,1,0.029821,0.468352,1.0,0.65,part2a21_soft_caution_overlay,artifacts_part2_g532/predictions/g532_final_consensus_tape.csv
2022-02-14,0,0.2582541185105645,0.5016149966937322,0.940035,1.73667,0.75,0.595132,0.527181,0.599274,0.65,0.25,0.728193,0.118331,0.234625,0.515863,0,high_risk_veto,FLAT,0.0,0.0,0.0,0.0,1,0.027226,0.468352,1.0,0.65,part2a21_soft_caution_overlay,artifacts_part2_g532/predictions/g532_final_consensus_tape.csv
2022-02-23,0,0.2187329364504181,0.2958454657811597,1.665287,1.6341,0.75,0.59486,0.527103,0.545493,0.65,0.6,0.728972,0.284299,0.228815,0.522123,0,high_risk_veto,FLAT,0.0,0.0,0.0,0.0,1,0.026786,0.46882,0.996658,0.65,part2a21_soft_caution_overlay,artifacts_part2_g532/predictions/g532_final_consensus_tape.csv
2022-03-04,0,0.2173422366465708,0.359783523487591,1.037235,1.214186,0.75,0.594968,0.527134,0.325043,0.65,0.6,0.728663,0.284179,0.29995,0.454587,0,high_risk_veto,FLAT,0.0,0.0,0.0,0.0,1,0.025348,0.468352,1.0,0.65,part2a21_soft_caution_overlay,artifacts_part2_g532/predictions/g532_final_consensus_tape.csv
2022-03-15,0,0.2156352686841451,0.4329369439661863,-0.462937,0.746528,0.5,0.588891,0.525397,0.082485,0.65,0.6,0.746026,0.29095,0.328182,0.43239,0,high_risk_veto,FLAT,0.0,0.0,0.0,0.0,1,0.046943,0.484285,0.886189,0.65,part2a21_soft_caution_overlay,artifacts_part2_g532/predictions/g532_final_consensus_tape.csv
2022-03-24,0,0.2168058740641581,0.3256052630907855,0.599067,0.391121,0.5,0.583869,0.523962,0.0,0.75,0.6,0.760376,0.342169,0.231853,0.51883,0,weak_score,FLAT,0.0,0.0,0.0,0.0,1,0.059493,0.496526,0.798756,0.65,part2a21_soft_caution_overlay,artifacts_part2_g532/predictions/g532_final_consensus_tape.csv
2022-04-04,0,0.2176238471402593,0.2829954050327867,1.033472,0.389867,0.75,0.584483,0.524138,0.0,0.75,0.6,0.75862,0.341379,0.227523,0.523535,0,weak_score,FLAT,0.0,0.0,0.0,0.0,1,0.055955,0.494678,0.811956,0.65,part2a21_soft_caution_overlay,artifacts_part2_g532/predictions/g532_final_consensus_tape.csv
2022-04-13,0,0.2194739206358398,0.333169204723883,0.67071,0.767749,0.5,0.590779,0.525937,0.092693,0.75,0.6,0.740633,0.333285,0.15747,0.613542,0,low_agreement,FLAT,0.0,0.0,0.0,0.0,1,0.040384,0.479362,0.921357,0.65,part2a21_soft_caution_overlay,artifacts_part2_g532/predictions/g532_final_consensus_tape.csv
2022-04-22,0,0.2161862724596649,0.38893058072806,1.805706,1.169962,0.75,0.595083,0.527166,0.301787,0.65,0.6,0.728336,0.284051,0.215817,0.536691,0,high_risk_veto,FLAT,0.0,0.0,0.0,0.0,1,0.026658,0.468352,1.0,0.65,part2a21_soft_caution_overlay,artifacts_part2_g532/predictions/g532_final_consensus_tape.csv
2022-05-03,0,0.214817234587994,0.4808245756169977,0.997161,1.157859,0.75,0.595359,0.527246,0.295331,0.65,0.6,0.727545,0.283742,0.32638,0.433741,0,high_risk_veto,FLAT,0.0,0.0,0.0,0.0,1,0.029821,0.468352,1.0,0.65,part2a21_soft_caution_overlay,artifacts_part2_g532/predictions/g532_final_consensus_tape.csv
2022-05-12,0,0.2167314826949527,0.3885304028183412,0.119001,0.973956,0.75,0.595329,0.527237,0.198789,0.65,0.6,0.727633,0.283777,0.327935,0.432575,0,high_risk_veto,FLAT,0.0,0.0,0.0,0.0,1,0.029469,0.468352,1.0,0.65,part2a21_soft_caution_overlay,artifacts_part2_g532/predictions/g532_final_consensus_tape.csv
2022-05-23,0,0.2162365084088111,0.4188720743407549,-0.488355,0.209269,0.5,0.585911,0.524546,0.0,0.75,0.6,0.75454,0.339543,0.378707,0.397642,0,weak_score,FLAT,0.0,0.0,0.0,0.0,1,0.054855,0.49163,0.833729,0.65,part2a21_soft_caution_overlay,artifacts_part2_g532/predictions/g532_final_consensus_tape.csv
2022-06-01,0,0.2186459305603225,0.3989037866015419,0.882286,0.170977,0.75,0.595238,0.527211,0.0,0.65,0.6,0.72789,0.283877,0.224622,0.526735,0,high_risk_veto,FLAT,0.0,0.0,0.0,0.0,1,0.028439,0.468352,1.0,0.65,part2a21_soft_caution_overlay,artifacts_part2_g532/predictions/g532_final_consensus_tape.csv
2022-06-10,0,0.216504112818002,0.532520354032905,1.287402,0.560444,0.75,0.59148,0.526137,0.0,0.75,0.6,0.738628,0.332383,0.209502,0.544067,0,weak_score,FLAT,0.0,0.0,0.0,0.0,1,0.038517,0.477632,0.933714,0.65,part2a21_soft_caution_overlay,artifacts_part2_g532/predictions/g532_final_consensus_tape.csv
2022-06-21,0,0.2181095712594842,0.4283827365535391,-0.835055,0.444878,0.5,0.590063,0.525732,0.0,0.65,0.6,0.742678,0.289644,0.307661,0.448301,0,high_risk_veto,FLAT,0.0,0.0,0.0,0.0,1,0.042931,0.481239,0.907948,0.65,part2a21_soft_caution_overlay,artifacts_part2_g532/predictions/g532_final_consensus_tape.csv
2022-06-30,0,0.2154184859298024,0.4533096943562673,-0.22949,0.074285,0.75,0.594968,0.527134,0.0,0.75,0.6,0.728663,0.327898,0.294788,0.458894,0,weak_score,FLAT,0.0,0.0,0.0,0.0,1,0.025348,0.468352,1.0,0.65,part2a21_soft_caution_overlay,artifacts_part2_g532/predictions/g532_final_consensus_tape.csv
2022-07-11,0,0.2161910779657498,0.3837789302690118,0.3632,-0.233782,0.75,0.594968,0.527134,0.0,0.75,0.6,0.728663,0.327898,0.219971,0.531948,0,weak_score,FLAT,0.0,0.0,0.0,0.0,1,0.025348,0.468352,1.0,0.65,part2a21_soft_caution_overlay,artifacts_part2_g532/predictions/g532_final_consensus_tape.csv
2022-07-20,0,0.2171010762313081,0.3382458562064636,0.019434,0.051048,0.5,0.579664,0.522761,0.0,0.75,0.6,0.772388,0.347575,0.248802,0.501201,0,weak_score,FLAT,0.0,0.0,0.0,0.0,1,0.065403,0.505969,0.731305,0.65,part2a21_soft_caution_overlay,artifacts_part2_g532/predictions/g532_final_consensus_tape.csv
2022-07-29,0,0.2154949296269601,0.4236036007403263,-0.182042,0.066864,0.5,0.576437,0.521839,0.0,0.75,0.6,0.781607,0.351723,0.250801,0.499201,0,weak_score,FLAT,0.0,0.0,0.0,0.0,1,0.068861,0.513028,0.680886,0.65,part2a21_soft_caution_overlay,artifacts_part2_g532/predictions/g532_final_consensus_tape.csv
2022-08-09,0,0.2176524068772148,0.4264442587819996,0.891965,0.243119,0.75,0.578309,0.522374,0.0,0.75,0.6,0.77626,0.349317,0.169846,0.595456,0,weak_score,FLAT,0.0,0.0,0.0,0.0,1,0.080223,0.511273,0.69342,0.65,part2a21_soft_caution_overlay,artifacts_part2_g532/predictions/g532_final_consensus_tape.csv
2022-08-18,0,0.2169870705665283,0.4319104563583206,0.569588,0.426504,0.5,0.588545,0.525299,0.0,0.75,0.6,0.747013,0.336156,0.128243,0.660951,0,weak_score,FLAT,0.0,0.0,0.0,0.0,1,0.048044,0.485169,0.879878,0.65,part2a21_soft_caution_overlay,artifacts_part2_g532/predictions/g532_final_consensus_tape.csv
2022-08-29,0,0.2175078785490421,0.3286265207650838,0.575544,0.679032,0.75,0.594171,0.526906,0.044527,0.65,0.6,0.73094,0.285066,0.199304,0.556417,0,high_risk_veto,FLAT,0.0,0.0,0.0,0.0,1,0.029831,0.47073,0.983012,0.65,part2a21_soft_caution_overlay,artifacts_part2_g532/predictions/g532_final_consensus_tape.csv
2022-09-07,0,0.3065841692381651,0.551124523129168,-0.177162,0.322657,0.5,0.623375,0.53525,0.0,0.65,0.6,0.6475,0.252525,0.226166,0.525027,0,high_risk_veto,FLAT,0.0,0.0,0.0,0.0,1,0.35,0.708352,1.0,0.65,part2a21_soft_caution_overlay,artifacts_part2_g532/predictions/g532_final_consensus_tape.csv
2022-09-16,0,0.5404819135023915,0.7074046681843456,0.504852,0.301078,0.75,0.623375,0.53525,0.0,0.65,0.6,0.6475,0.252525,0.257199,0.492903,0,high_risk_veto,FLAT,0.0,0.0,0.0,0.0,1,0.35,0.708352,1.0,0.65,part2a21_soft_caution_overlay,artifacts_part2_g532/predictions/g532_final_consensus_tape.csv
2022-09-27,0,0.4080549479564651,0.6465701690792207,0.235074,0.187588,0.75,0.623375,0.53525,0.0,0.65,0.25,0.6475,0.105219,0.175567,0.587451,0,high_risk_veto,FLAT,0.0,0.0,0.0,0.0,1,0.35,0.708352,1.0,0.65,part2a21_soft_caution_overlay,artifacts_part2_g532/predictions/g532_final_consensus_tape.csv
2022-10-06,0,0.4556947305728364,0.6967529440487392,0.729872,0.489933,0.75,0.623375,0.53525,0.0,0.65,0.25,0.6475,0.105219,0.230169,0.520651,0,high_risk_veto,FLAT,0.0,0.0,0.0,0.0,1,0.35,0.708352,1.0,0.65,part2a21_soft_caution_overlay,artifacts_part2_g532/predictions/g532_final_consensus_tape.csv
2022-10-17,0,0.4832668692227941,0.7240627057399877,-0.754971,0.069992,0.5,0.623375,0.53525,0.0,0.65,0.25,0.6475,0.105219,0.301527,0.453287,0,high_risk_veto,FLAT,0.0,0.0,0.0,0.0,1,0.35,0.708352,1.0,0.65,part2a21_soft_caution_overlay,artifacts_part2_g532/predictions/g532_final_consensus_tape.csv
2022-10-26,0,0.4732521670746213,0.7156423647983661,0.940871,0.305257,0.75,0.623375,0.53525,0.0,0.65,0.25,0.6475,0.105219,0.24389,0.506185,0,high_risk_veto,FLAT,0.0,0.0,0.0,0.0,1,0.35,0.708352,1.0,0.65,part2a21_soft_caution_overlay,artifacts_part2_g532/predictions/g532_final_consensus_tape.csv
2022-11-04,0,0.5378570174191297,0.7800018276273853,-0.336345,-0.050148,0.5,0.623375,0.53525,0.0,0.65,0.25,0.6475,0.105219,0.249525,0.500475,0,high_risk_veto,FLAT,0.0,0.0,0.0,0.0,1,0.35,0.708352,1.0,0.65,part2a21_soft_caution_overlay,artifacts_part2_g532/predictions/g532_final_consensus_tape.csv
2022-11-15,0,0.3986822681479423,0.6262304566627508,0.153349,0.252625,0.5,0.623375,0.53525,0.0,0.65,0.25,0.6475,0.105219,0.278614,0.472935,0,high_risk_veto,FLAT,0.0,0.0,0.0,0.0,1,0.35,0.708352,1.0,0.65,part2a21_soft_caution_overlay,artifacts_part2_g532/predictions/g532_final_consensus_tape.csv
2022-11-24,0,0.2990286833336449,0.5140229841337168,0.336103,0.051035,0.75,0.623375,0.53525,0.0,0.65,0.6,0.6475,0.252525,0.121452,0.673035,0,high_risk_veto,FLAT,0.0,0.0,0.0,0.0,1,0.35,0.708352,1.0,0.65,part2a21_soft_caution_overlay,artifacts_part2_g532/predictions/g532_final_consensus_tape.csv
2022-12-05,0,0.3748315864657567,0.6140516272624151,0.798071,0.429174,0.75,0.623375,0.53525,0.0,0.65,0.6,0.6475,0.252525,0.164914,0.602535,0,high_risk_veto,FLAT,0.0,0.0,0.0,0.0,1,0.35,0.708352,1.0,0.65,part2a21_soft_caution_overlay,artifacts_part2_g532/predictions/g532_final_consensus_tape.csv
2022-12-14,0,0.369653115167647,0.6437170857496802,0.474737,0.536304,0.75,0.623375,0.53525,0.0,0.65,0.6,0.6475,0.252525,0.176788,0.585771,0,high_risk_veto,FLAT,0.0,0.0,0.0,0.0,1,0.35,0.708352,1.0,0.65,part2a21_soft_caution_overlay,artifacts_part2_g532/predictions/g532_final_consensus_tape.csv
2022-12-23,0,0.4673034986209725,0.6721691502343116,-0.07676,0.398683,0.5,0.623375,0.53525,0.0,0.65,0.25,0.6475,0.105219,0.21652,0.535882,0,high_risk_veto,FLAT,0.0,0.0,0.0,0.0,1,0.35,0.708352,1.0,0.65,part2a21_soft_caution_overlay,artifacts_part2_g532/predictions/g532_final_consensus_tape.csv
2023-01-03,0,0.4188184858584635,0.6346250571877313,0.098719,0.165566,0.75,0.623375,0.53525,0.0,0.65,0.25,0.6475,0.105219,0.158035,0.612693,0,high_risk_veto,FLAT,0.0,0.0,0.0,0.0,1,0.35,0.708352,1.0,0.65,part2a21_soft_caution_overlay,artifacts_part2_g532/predictions/g532_final_consensus_tape.csv
2023-01-12,0,0.1958984532418123,0.4187940377351568,0.230606,0.084189,0.5,0.615524,0.533007,0.0,0.75,0.6,0.669932,0.301469,0.127368,0.662483,0,weak_score,FLAT,0.0,0.0,0.0,0.0,1,0.260273,0.628352,1.0,0.65,part2a21_soft_caution_overlay,artifacts_part2_g532/predictions/g532_final_consensus_tape.csv
2023-01-23,0,0.1534206639261909,0.3759845323302235,0.065844,0.131723,0.5,0.616299,0.533228,0.0,0.75,0.6,0.667717,0.300473,0.237512,0.512808,0,weak_score,FLAT,0.0,0.0,0.0,0.0,1,0.269133,0.628352,1.0,0.65,part2a21_soft_caution_overlay,artifacts_part2_g532/predictions/g532_final_consensus_tape.csv
2023-02-01,0,0.1668997123651819,0.3938714377138239,0.363004,0.219818,0.5,0.616358,0.533245,0.0,0.75,0.6,0.667549,0.300397,0.174942,0.588316,0,weak_score,FLAT,0.0,0.0,0.0,0.0,1,0.269803,0.628352,1.0,0.65,part2a21_soft_caution_overlay,artifacts_part2_g532/predictions/g532_final_consensus_tape.csv
2023-02-10,0,0.4795206000873795,0.6791837335620005,1.146577,0.525142,0.75,0.623375,0.53525,0.0,0.65,0.25,0.6475,0.105219,0.155681,0.616248,0,high_risk_veto,FLAT,0.0,0.0,0.0,0.0,1,0.35,0.708352,1.0,0.65,part2a21_soft_caution_overlay,artifacts_part2_g532/predictions/g532_final_consensus_tape.csv
2023-02-21,0,0.4624445558668608,0.6592837539215199,1.666443,1.058675,0.75,0.623375,0.53525,0.231959,0.65,0.25,0.6475,0.105219,0.132089,0.654298,0,high_risk_veto,FLAT,0.0,0.0,0.0,0.0,1,0.35,0.708352,1.0,0.65,part2a21_soft_caution_overlay,artifacts_part2_g532/predictions/g532_final_consensus_tape.csv
2023-03-02,0,0.4284567516272088,0.6777722478589174,1.023509,1.278843,0.5,0.623375,0.53525,0.34928,0.65,0.25,0.6475,0.105219,0.094059,0.72662,0,high_risk_veto,FLAT,0.0,0.0,0.0,0.0,1,0.35,0.708352,1.0,0.65,part2a21_soft_caution_overlay,artifacts_part2_g532/predictions/g532_final_consensus_tape.csv
2023-03-13,0,0.2146527131411169,0.4465013740106577,0.252656,0.980869,0.5,0.623375,0.53525,0.190499,0.65,0.6,0.6475,0.252525,0.234302,0.516207,0,high_risk_veto,FLAT,0.0,0.0,0.0,0.0,1,0.35,0.708352,1.0,0.65,part2a21_soft_caution_overlay,artifacts_part2_g532/predictions/g532_final_consensus_tape.csv
2023-03-22,0,0.2654091066829455,0.5705502200775057,1.135623,0.803929,0.75,0.617731,0.533637,0.098922,0.65,0.6,0.663626,0.258814,0.387203,0.39234,0,high_risk_veto,FLAT,0.0,0.0,0.0,0.0,1,0.285495,0.625689,1.0,0.65,part2a21_soft_caution_overlay,artifacts_part2_g532/predictions/g532_final_consensus_tape.csv
2023-03-31,0,0.2255954365972446,0.3112532308112967,0.674702,0.68766,0.5,0.614482,0.532709,0.038811,0.75,0.6,0.672908,0.302809,0.229189,0.521715,0,low_agreement,FLAT,0.0,0.0,0.0,0.0,1,0.248367,0.625689,1.0,0.65,part2a21_soft_caution_overlay,artifacts_part2_g532/predictions/g532_final_consensus_tape.csv
2023-04-11,0,0.2352905248898796,0.6330723435435565,0.983759,0.931361,0.75,0.617731,0.533637,0.166623,0.75,0.6,0.663626,0.298632,0.130268,0.657431,1,ok,VOO,0.004907,0.004907,0.004907,0.0,1,0.285495,0.625689,1.0,0.65,part2a21_soft_caution_overlay,artifacts_part2_g532/predictions/g532_final_consensus_tape.csv
2023-04-20,0,0.2339870242624287,0.5977125013279259,0.949392,0.869284,0.75,0.617731,0.533637,0.133644,0.65,0.6,0.663626,0.258814,0.13152,0.655274,0,high_risk_veto,FLAT,0.0,0.0,0.0,0.0,1,0.285495,0.625689,1.0,0.65,part2a21_soft_caution_overlay,artifacts_part2_g532/predictions/g532_final_consensus_tape.csv
2023-05-01,0,0.251520674323847,0.4364271457338237,0.855374,0.929508,0.75,0.602264,0.529218,0.172439,0.75,0.6,0.707817,0.318517,0.213898,0.538912,1,ok,VOO,0.00444,0.00444,0.00444,0.0,1,0.287937,0.65705,0.775997,0.65,part2a21_soft_caution_overlay,artifacts_part2_g532/predictions/g532_final_consensus_tape.csv
2023-05-10,0,0.2181082707592887,0.2416900834895082,0.40794,0.737568,0.75,0.602014,0.529147,0.07142,0.75,0.6,0.708531,0.318839,0.24933,0.500671,1,ok,VOO,0.00171,0.00171,0.00171,0.0,1,0.269936,0.654399,0.794926,0.65,part2a21_soft_caution_overlay,artifacts_part2_g532/predictions/g532_final_consensus_tape.csv
2023-05-19,0,0.2145820201225239,0.2471727520223886,1.150438,0.804584,0.75,0.604211,0.529775,0.105693,0.75,0.6,0.702253,0.316014,0.120238,0.675242,1,ok,VOO,0.003383,0.003383,0.003383,0.0,1,0.293829,0.654186,0.796449,0.65,part2a21_soft_caution_overlay,artifacts_part2_g532/predictions/g532_final_consensus_tape.csv
2023-05-30,0,0.2069127212813196,0.2760181252354809,1.265741,0.941373,0.5,0.6091,0.531171,0.175722,0.75,0.6,0.688287,0.309729,0.163394,0.60475,0,low_agreement,FLAT,0.0,0.0,0.0,0.0,1,0.295473,0.644698,0.864226,0.65,part2a21_soft_caution_overlay,artifacts_part2_g532/predictions/g532_final_consensus_tape.csv
2023-06-08,0,0.1973887846964344,0.1204825832098947,1.116235,1.177471,0.5,0.602013,0.529147,0.303194,0.75,0.6,0.708533,0.31884,0.14666,0.630263,0,low_agreement,FLAT,0.0,0.0,0.0,0.0,1,0.253369,0.651502,0.815623,0.65,part2a21_soft_caution_overlay,artifacts_part2_g532/predictions/g532_final_consensus_tape.csv
2023-06-19,0,0.1882830814572716,0.1241646516554907,1.757651,1.379876,0.75,0.595012,0.527146,0.412005,0.75,0.6,0.728537,0.327842,0.071948,0.776523,1,ok,VOO,0.015733,0.015733,0.015733,0.0,1,0.173051,0.571449,0.816,0.65,part2a21_soft_caution_overlay,artifacts_part2_g532/predictions/g532_final_consensus_tape.csv
2023-06-28,0,0.2144497922107168,0.352125714136361,1.584338,1.486075,0.5,0.615765,0.533076,0.46189,0.75,0.6,0.669243,0.301159,0.130705,0.656677,0,low_agreement,FLAT,0.0,0.0,0.0,0.0,1,0.288375,0.630125,0.968319,0.65,part2a21_soft_caution_overlay,artifacts_part2_g532/predictions/g532_final_consensus_tape.csv
2023-07-07,0,0.2171121576052675,0.4759634564821978,2.027939,1.789976,0.75,0.607059,0.530588,0.624909,0.75,0.6,0.694116,0.312352,0.115649,0.683716,1,ok,VOO,0.020018,0.020018,0.020018,0.0,1,0.298367,0.649285,0.831459,0.65,part2a21_soft_caution_overlay,artifacts_part2_g532/predictions/g532_final_consensus_tape.csv
2023-07-18,0,0.1938135727333629,0.1577373843157825,1.841881,1.818053,0.5,0.599459,0.528417,0.641182,0.75,0.6,0.715831,0.322124,0.047015,0.841707,0,low_agreement,FLAT,0.0,0.0,0.0,0.0,1,0.163421,0.560869,0.891569,0.65,part2a21_soft_caution_overlay,artifacts_part2_g532/predictions/g532_final_consensus_tape.csv
2023-07-27,0,0.2198987528027626,0.5188931847391046,2.025683,1.965168,0.75,0.608978,0.531137,0.717173,0.65,0.6,0.688635,0.268567,0.053292,0.824287,0,high_risk_veto,FLAT,0.0,0.0,0.0,0.0,1,0.274452,0.641262,0.888762,0.65,part2a21_soft_caution_overlay,artifacts_part2_g532/predictions/g532_final_consensus_tape.csv
2023-08-07,0,0.2039817937138702,0.3086327665583084,1.721913,1.863159,0.5,0.611915,0.531976,0.662705,0.65,0.6,0.680244,0.265295,0.133021,0.652706,0,high_risk_veto,FLAT,0.0,0.0,0.0,0.0,1,0.288427,0.637835,0.913245,0.65,part2a21_soft_caution_overlay,artifacts_part2_g532/predictions/g532_final_consensus_tape.csv
2023-08-16,0,0.1992645850569871,0.2716692010055634,2.193024,1.980206,0.75,0.610578,0.531594,0.724893,0.65,0.6,0.684063,0.266785,0.146624,0.63032,0,high_risk_veto,FLAT,0.0,0.0,0.0,0.0,1,0.294854,0.641633,0.886116,0.65,part2a21_soft_caution_overlay,artifacts_part2_g532/predictions/g532_final_consensus_tape.csv
2023-08-25,0,0.2096123312667231,0.3755678908521118,1.557408,1.824115,0.5,0.612957,0.532273,0.641828,0.65,0.6,0.677266,0.264134,0.120356,0.675026,0,high_risk_veto,FLAT,0.0,0.0,0.0,0.0,1,0.29208,0.636389,0.923571,0.65,part2a21_soft_caution_overlay,artifacts_part2_g532/predictions/g532_final_consensus_tape.csv
2023-09-05,0,0.1728367904243124,0.0848827164298765,1.916579,1.889003,0.75,0.595317,0.527233,0.679214,0.75,0.6,0.727665,0.327449,0.086747,0.742397,1,ok,VOO,0.024767,0.024767,0.024767,0.0,1,0.167218,0.569818,0.82765,0.65,part2a21_soft_caution_overlay,artifacts_part2_g532/predictions/g532_final_consensus_tape.csv
2023-09-14,0,0.1803683858036461,0.1113232749573337,1.648348,1.707445,0.5,0.600203,0.52863,0.582821,0.75,0.6,0.713704,0.321167,0.098758,0.716829,0,low_agreement,FLAT,0.0,0.0,0.0,0.0,1,0.160719,0.558908,0.905579,0.65,part2a21_soft_caution_overlay,artifacts_part2_g532/predictions/g532_final_consensus_tape.csv
2023-09-25,0,0.1996058430072534,0.2848156558898155,1.672945,1.745957,0.5,0.613217,0.532348,0.600355,0.65,0.6,0.676521,0.263843,0.125154,0.666393,0,high_risk_veto,FLAT,0.0,0.0,0.0,0.0,1,0.279946,0.633745,0.94246,0.65,part2a21_soft_caution_overlay,artifacts_part2_g532/predictions/g532_final_consensus_tape.csv
2023-10-04,0,0.1449204660766767,0.2500136331361876,1.481988,1.601094,0.5,0.600212,0.528632,0.526839,0.65,0.6,0.713681,0.278335,0.128233,0.660968,0,high_risk_veto,FLAT,0.0,0.0,0.0,0.0,1,0.274247,0.661421,0.763788,0.65,part2a21_soft_caution_overlay,artifacts_part2_g532/predictions/g532_final_consensus_tape.csv
2023-10-13,0,0.156144504582221,0.2984371328992171,2.130281,1.761738,0.75,0.605747,0.530213,0.610262,0.65,0.6,0.697865,0.272168,0.13403,0.65099,0,high_risk_veto,FLAT,0.0,0.0,0.0,0.0,1,0.296701,0.65428,0.814797,0.65,part2a21_soft_caution_overlay,artifacts_part2_g532/predictions/g532_final_consensus_tape.csv
2023-10-24,0,0.1501727383567707,0.2829360511429121,1.477581,1.696617,0.5,0.606447,0.530413,0.575727,0.65,0.6,0.695866,0.271388,0.166949,0.599594,0,high_risk_veto,FLAT,0.0,0.0,0.0,0.0,1,0.288463,0.651439,0.835092,0.65,part2a21_soft_caution_overlay,artifacts_part2_g532/predictions/g532_final_consensus_tape.csv
2023-11-02,0,0.1232112668128906,0.1384402494576204,1.212682,1.606848,0.5,0.610346,0.531527,0.527346,0.75,0.6,0.684725,0.308126,0.191661,0.566044,0,low_agreement,FLAT,0.0,0.0,0.0,0.0,1,0.274183,0.641141,0.908647,0.65,part2a21_soft_caution_overlay,artifacts_part2_g532/predictions/g532_final_consensus_tape.csv
2023-11-13,0,0.1093686712514326,0.1127775891844822,1.973517,1.554593,0.75,0.59368,0.526766,0.504067,0.75,0.6,0.732342,0.329554,0.100652,0.712958,1,ok,VOO,0.017765,0.017765,0.017765,0.0,1,0.269247,0.673609,0.676734,0.65,part2a21_soft_caution_overlay,artifacts_part2_g532/predictions/g532_final_consensus_tape.csv
2023-11-22,0,0.1035032215800349,0.1050553668274169,1.805332,1.663843,0.5,0.593449,0.5267,0.56143,0.75,0.6,0.733002,0.329851,0.097445,0.719537,0,low_agreement,FLAT,0.0,0.0,0.0,0.0,1,0.29325,0.678272,0.643429,0.65,part2a21_soft_caution_overlay,artifacts_part2_g532/predictions/g532_final_consensus_tape.csv
2023-12-01,0,0.1582823049138614,0.2662559505923529,1.917062,1.898637,0.5,0.595716,0.527347,0.684205,0.75,0.6,0.726526,0.326937,0.096031,0.722478,0,low_agreement,FLAT,0.0,0.0,0.0,0.0,1,0.30899,0.676493,0.656134,0.65,part2a21_soft_caution_overlay,artifacts_part2_g532/predictions/g532_final_consensus_tape.csv
2023-12-12,0,0.105175336045683,0.1225881240164946,1.890133,1.870842,0.5,0.59118,0.526051,0.670395,0.75,0.6,0.739486,0.332769,0.113724,0.687335,0,low_agreement,FLAT,0.0,0.0,0.0,0.0,1,0.303204,0.684552,0.598566,0.65,part2a21_soft_caution_overlay,artifacts_part2_g532/predictions/g532_final_consensus_tape.csv
2023-12-21,0,0.1529593914125039,0.2863825745243628,1.931354,1.91285,0.5,0.599089,0.528311,0.691122,0.65,0.6,0.716889,0.279587,0.143075,0.63601,0,high_risk_veto,FLAT,0.0,0.0,0.0,0.0,1,0.286558,0.665821,0.73236,0.65,part2a21_soft_caution_overlay,artifacts_part2_g532/predictions/g532_final_consensus_tape.csv
2024-01-01,0,0.1390542785283518,0.1977745837388673,2.266444,2.02931,0.75,0.603034,0.529438,0.751872,0.75,0.6,0.705616,0.317527,0.129139,0.65939,1,ok,VOO,0.023613,0.023613,0.023613,0.0,1,0.305643,0.66127,0.764866,0.65,part2a21_soft_caution_overlay,artifacts_part2_g532/predictions/g532_final_consensus_tape.csv
2024-01-10,0,0.1451163134206319,0.2607965257026332,1.94418,2.047326,0.5,0.592891,0.52654,0.762639,0.65,0.6,0.734598,0.286493,0.093884,0.726989,0,high_risk_veto,FLAT,0.0,0.0,0.0,0.0,1,0.295073,0.679708,0.63317,0.65,part2a21_soft_caution_overlay,artifacts_part2_g532/predictions/g532_final_consensus_tape.csv
2024-01-19,0,0.1396445579446351,0.2333699488608974,1.573877,1.928167,0.5,0.609057,0.531159,0.697594,0.65,0.6,0.688409,0.268479,0.106013,0.702221,0,high_risk_veto,FLAT,0.0,0.0,0.0,0.0,1,0.275842,0.64401,0.888154,0.65,part2a21_soft_caution_overlay,artifacts_part2_g532/predictions/g532_final_consensus_tape.csv
2024-01-30,0,0.1594381564711609,0.3235781098309684,2.284529,1.934195,0.75,0.6126,0.532171,0.70022,0.75,0.6,0.678285,0.305228,0.080466,0.756508,1,ok,VOO,0.024253,0.024253,0.024253,0.0,1,0.297103,0.640644,0.912195,0.65,part2a21_soft_caution_overlay,artifacts_part2_g532/predictions/g532_final_consensus_tape.csv
2024-02-08,0,0.1385557830066039,0.2106007477403064,1.934238,1.930882,0.75,0.607351,0.530672,0.699301,0.75,0.6,0.693282,0.311977,0.191757,0.565922,1,ok,VOO,0.01852,0.01852,0.01852,0.0,1,0.302403,0.652069,0.830587,0.65,part2a21_soft_caution_overlay,artifacts_part2_g532/predictions/g532_final_consensus_tape.csv
2024-02-19,0,0.1996745596065132,0.4618301329983314,2.009527,2.076098,0.75,0.61052,0.531577,0.775652,0.75,0.6,0.684228,0.307903,0.071301,0.778087,1,ok,VOO,0.027874,0.027874,0.027874,0.0,1,0.35,0.734061,0.816359,0.65,part2a21_soft_caution_overlay,artifacts_part2_g532/predictions/g532_final_consensus_tape.csv
2024-02-28,0,0.1958373457367081,0.4210339263457619,2.122036,2.021934,0.75,0.614776,0.532793,0.746414,0.75,0.6,0.672068,0.302431,0.125325,0.66609,1,ok,VOO,0.022554,0.022554,0.022554,0.0,1,0.294445,0.635827,0.946602,0.65,part2a21_soft_caution_overlay,artifacts_part2_g532/predictions/g532_final_consensus_tape.csv
2024-03-08,0,0.1872752373351035,0.4061592761959549,2.401122,2.177562,0.75,0.617849,0.533671,0.828686,0.75,0.6,0.663289,0.29848,0.113001,0.688703,1,ok,VOO,0.025552,0.025552,0.025552,0.0,1,0.286842,0.628352,1.0,0.65,part2a21_soft_caution_overlay,artifacts_part2_g532/predictions/g532_final_consensus_tape.csv
2024-03-19,0,0.1533717911547087,0.2671552335819147,1.732415,2.085191,0.5,0.610391,0.53154,0.780479,0.75,0.6,0.684598,0.308069,0.1011,0.712049,0,low_agreement,FLAT,0.0,0.0,0.0,0.0,1,0.281044,0.642253,0.900705,0.65,part2a21_soft_caution_overlay,artifacts_part2_g532/predictions/g532_final_consensus_tape.csv
2024-03-28,0,0.1820693547613376,0.3523139408604267,1.902283,2.01194,0.75,0.607003,0.530572,0.742176,0.75,0.6,0.694276,0.312424,0.076989,0.764552,1,ok,VOO,0.026592,0.026592,0.026592,0.0,1,0.3027,0.652818,0.825243,0.65,part2a21_soft_caution_overlay,artifacts_part2_g532/predictions/g532_final_consensus_tape.csv
2024-04-08,0,0.1694765952451887,0.3603748457966708,1.855335,1.830011,0.75,0.60827,0.530934,0.645833,0.75,0.6,0.690657,0.310796,0.136853,0.646241,1,ok,VOO,0.019457,0.019457,0.019457,0.0,1,0.297341,0.649346,0.850037,0.65,part2a21_soft_caution_overlay,artifacts_part2_g532/predictions/g532_final_consensus_tape.csv
2024-04-17,0,0.4759576664324296,0.646528975880413,2.094647,1.950755,0.75,0.558503,0.516715,0.717102,0.65,0.6,0.832847,0.32481,0.177183,0.58523,0,high_risk_veto,FLAT,0.0,0.0,0.0,0.0,1,0.007249,0.458113,0.501703,0.65,part2a21_soft_caution_overlay,artifacts_part2_g532/predictions/g532_final_consensus_tape.csv
2024-04-26,0,0.5053765135645332,0.5814453804682003,1.320593,1.756858,0.5,0.575734,0.521638,0.613805,0.65,0.6,0.783617,0.305611,0.12398,0.668484,0,high_risk_veto,FLAT,0.0,0.0,0.0,0.0,1,0.073555,0.515256,0.664972,0.65,part2a21_soft_caution_overlay,artifacts_part2_g532/predictions/g532_final_consensus_tape.csv
2024-05-07,0,0.489141353376233,0.6406233190557115,1.772894,1.729378,0.75,0.560761,0.51736,0.602616,0.65,0.6,0.826397,0.322295,0.10312,0.707975,0,high_risk_veto,FLAT,0.0,0.0,0.0,0.0,1,0.075404,0.545525,0.448762,0.65,part2a21_soft_caution_overlay,artifacts_part2_g532/predictions/g532_final_consensus_tape.csv
2024-05-16,0,0.4298244714876999,0.6001521488929263,1.808783,1.63409,0.75,0.556436,0.516124,0.554473,0.65,0.6,0.838755,0.327115,0.053435,0.823899,0,high_risk_veto,FLAT,0.0,0.0,0.0,0.0,1,0.076067,0.554292,0.386139,0.65,part2a21_soft_caution_overlay,artifacts_part2_g532/predictions/g532_final_consensus_tape.csv
2024-05-27,0,0.4558399882077927,0.6454451040059802,1.796964,1.79288,0.75,0.552767,0.515076,0.636859,0.65,0.6,0.849237,0.331202,0.04773,0.839686,0,high_risk_veto,FLAT,0.0,0.0,0.0,0.0,1,0.075333,0.561501,0.33465,0.65,part2a21_soft_caution_overlay,artifacts_part2_g532/predictions/g532_final_consensus_tape.csv
2024-06-05,0,0.4532612752105346,0.6237474379104003,0.909069,1.504938,0.5,0.577419,0.52212,0.482435,0.65,0.6,0.778803,0.303733,0.100392,0.713486,0,high_risk_veto,FLAT,0.0,0.0,0.0,0.0,1,0.070444,0.511342,0.692928,0.65,part2a21_soft_caution_overlay,artifacts_part2_g532/predictions/g532_final_consensus_tape.csv
2024-06-14,0,0.3877868992191127,0.5201428039927639,1.314888,1.340307,0.5,0.573833,0.521095,0.397927,0.65,0.6,0.78905,0.307729,0.086581,0.742763,0,high_risk_veto,FLAT,0.0,0.0,0.0,0.0,1,0.076838,0.519633,0.633703,0.65,part2a21_soft_caution_overlay,artifacts_part2_g532/predictions/g532_final_consensus_tape.csv
2024-06-25,0,0.3105904501905879,0.3940266868274686,1.130144,1.118034,0.5,0.581159,0.523188,0.279791,0.65,0.6,0.768117,0.299566,0.078471,0.761102,0,high_risk_veto,FLAT,0.0,0.0,0.0,0.0,1,0.067417,0.503332,0.750144,0.65,part2a21_soft_caution_overlay,artifacts_part2_g532/predictions/g532_final_consensus_tape.csv
2024-07-04,0,0.413379003200346,0.4933728869600691,1.653539,1.366191,0.75,0.583383,0.523824,0.408432,0.65,0.6,0.761764,0.297088,0.068164,0.785759,0,high_risk_veto,FLAT,0.0,0.0,0.0,0.0,1,0.062502,0.498025,0.788051,0.65,part2a21_soft_caution_overlay,artifacts_part2_g532/predictions/g532_final_consensus_tape.csv
2024-07-15,0,0.3800423298824128,0.5290775222864815,1.531583,1.438422,0.5,0.575103,0.521458,0.448502,0.65,0.6,0.78542,0.306314,0.101102,0.712043,0,high_risk_veto,FLAT,0.0,0.0,0.0,0.0,1,0.084544,0.518441,0.642221,0.65,part2a21_soft_caution_overlay,artifacts_part2_g532/predictions/g532_final_consensus_tape.csv
2024-07-24,0,0.5570842690594217,0.7525066418076228,2.698843,1.961322,0.75,0.574965,0.521419,0.720172,0.65,0.6,0.785813,0.306467,0.16383,0.604112,0,high_risk_veto,FLAT,0.0,0.0,0.0,0.0,0,0.0,0.423921,0.745935,0.65,part2a21_soft_caution_overlay,artifacts_part2_g532/predictions/g532_final_consensus_tape.csv
2024-08-02,0,0.5367044673951252,0.6819416734139802,1.727566,1.985998,0.75,0.580821,0.523092,0.732176,0.65,0.6,0.769084,0.299943,0.226867,0.524255,0,high_risk_veto,FLAT,0.0,0.0,0.0,0.0,0,0.0,0.41221,0.829581,0.65,part2a21_soft_caution_overlay,artifacts_part2_g532/predictions/g532_final_consensus_tape.csv
2024-08-13,0,0.3685351034592146,0.49813868563669,0.325565,1.583992,0.5,0.590831,0.525952,0.520206,0.65,0.6,0.740482,0.288788,0.320637,0.438107,0,high_risk_veto,FLAT,0.0,0.0,0.0,0.0,1,0.038246,0.478882,0.924784,0.65,part2a21_soft_caution_overlay,artifacts_part2_g532/predictions/g532_final_consensus_tape.csv
2024-08-22,0,0.4829850140634676,0.6601431363100552,1.768291,1.273808,0.75,0.557082,0.516309,0.368891,0.65,0.6,0.836908,0.326394,0.138254,0.643908,0,high_risk_veto,FLAT,0.0,0.0,0.0,0.0,1,0.009583,0.461364,0.47848,0.65,part2a21_soft_caution_overlay,artifacts_part2_g532/predictions/g532_final_consensus_tape.csv
2024-09-02,0,0.5241323060620847,0.6154937323008373,1.229647,1.107835,0.75,0.57461,0.521317,0.276944,0.65,0.6,0.78683,0.306864,0.088224,0.739155,0,high_risk_veto,FLAT,0.0,0.0,0.0,0.0,1,0.078903,0.518441,0.642222,0.65,part2a21_soft_caution_overlay,artifacts_part2_g532/predictions/g532_final_consensus_tape.csv
2024-09-11,0,0.5364623469786226,0.6060420036334045,0.30361,1.100516,0.5,0.564642,0.518469,0.276886,0.65,0.6,0.815308,0.31797,0.203811,0.55089,0,high_risk_veto,FLAT,0.0,0.0,0.0,0.0,0,0.0,0.444567,0.59846,0.65,part2a21_soft_caution_overlay,artifacts_part2_g532/predictions/g532_final_consensus_tape.csv
2024-09-20,0,0.5807927827633244,0.6627292634133422,1.273119,0.935459,0.75,0.561103,0.517458,0.193077,0.65,0.6,0.82542,0.321914,0.104325,0.705567,0,high_risk_veto,FLAT,0.0,0.0,0.0,0.0,1,0.082254,0.54604,0.445082,0.65,part2a21_soft_caution_overlay,artifacts_part2_g532/predictions/g532_final_consensus_tape.csv
2024-10-01,0,0.484877311190771,0.5706466072716384,1.706981,1.09457,0.75,0.573941,0.521126,0.270308,0.5,0.6,0.788739,0.141973,0.128088,0.661222,0,high_risk_veto,FLAT,0.0,0.0,0.0,0.0,1,0.076657,0.519384,0.635483,0.65,part2a21_soft_caution_overlay,artifacts_part2_g532/predictions/g532_final_consensus_tape.csv
2024-10-10,0,0.4891484565385428,0.7182549881831077,1.481092,1.487064,0.75,0.56799,0.519426,0.475709,0.5,0.6,0.805743,0.145034,0.14704,0.62966,0,high_risk_veto,FLAT,0.0,0.0,0.0,0.0,0,0.0,0.437872,0.646286,0.65,part2a21_soft_caution_overlay,artifacts_part2_g532/predictions/g532_final_consensus_tape.csv
2024-10-21,0,0.4488039757100537,0.5140202606915051,1.323257,1.503777,0.5,0.566043,0.518869,0.484878,0.5,0.6,0.811307,0.146035,0.108829,0.69671,0,high_risk_veto,FLAT,0.0,0.0,0.0,0.0,1,0.087898,0.537149,0.508592,0.65,part2a21_soft_caution_overlay,artifacts_part2_g532/predictions/g532_final_consensus_tape.csv
2024-10-30,0,0.1957712413339424,0.4901764624462563,1.75324,1.519196,0.75,0.564074,0.518307,0.493367,0.5,0.6,0.81693,0.147047,0.061835,0.801706,1,ok,VOO,0.008724,0.008724,0.008724,0.0,0,0.0,0.445703,0.590348,0.65,part2a21_soft_caution_overlay,artifacts_part2_g532/predictions/g532_final_consensus_tape.csv
2024-11-08,0,0.1478871387192677,0.4297723433098158,1.659011,1.578503,0.75,0.562361,0.517817,0.524423,0.5,0.6,0.821827,0.147929,0.223869,0.527572,1,ok,VOO,0.006139,0.006139,0.006139,0.0,1,0.06785,0.541004,0.481055,0.65,part2a21_soft_caution_overlay,artifacts_part2_g532/predictions/g532_final_consensus_tape.csv
2024-11-19,0,0.1717676589443802,0.4485843267375886,1.313903,1.575385,0.5,0.571544,0.520441,0.520541,0.5,0.6,0.795589,0.143206,0.197576,0.558564,0,high_risk_veto,FLAT,0.0,0.0,0.0,0.0,0,0.0,0.430764,0.697053,0.65,part2a21_soft_caution_overlay,artifacts_part2_g532/predictions/g532_final_consensus_tape.csv
2024-11-28,0,0.18014823691466,0.4694113436653621,1.465256,1.47939,0.75,0.56921,0.519774,0.471403,0.5,0.6,0.802258,0.144406,0.104611,0.704999,1,ok,VOO,0.007199,0.007199,0.007199,0.0,1,0.079918,0.529418,0.563814,0.65,part2a21_soft_caution_overlay,artifacts_part2_g532/predictions/g532_final_consensus_tape.csv
2024-12-09,0,0.1743747224408883,0.4707913625257025,1.859688,1.546283,0.75,0.562677,0.517908,0.507714,0.5,0.6,0.820924,0.147766,0.062693,0.799505,1,ok,VOO,0.008997,0.008997,0.008997,0.0,1,0.080996,0.542673,0.469135,0.65,part2a21_soft_caution_overlay,artifacts_part2_g532/predictions/g532_final_consensus_tape.csv
2024-12-18,0,0.2039855355447944,0.5015668165130303,2.962568,2.095837,0.75,0.58976,0.525646,0.788423,0.5,0.6,0.743544,0.133838,0.133577,0.65176,0,high_risk_veto,FLAT,0.0,0.0,0.0,0.0,1,0.041343,0.481568,0.9056,0.65,part2a21_soft_caution_overlay,artifacts_part2_g532/predictions/g532_final_consensus_tape.csv
2024-12-27,0,0.18389913988869,0.4541962868178403,2.168609,2.330288,0.75,0.585188,0.524339,0.911369,0.5,0.6,0.756607,0.136189,0.157021,0.614218,1,ok,VOO,0.011435,0.011435,0.011435,0.0,0,0.0,0.403477,0.891964,0.65,part2a21_soft_caution_overlay,artifacts_part2_g532/predictions/g532_final_consensus_tape.csv
2025-01-07,0,0.179332412242395,0.4659919569280347,2.353272,2.494816,0.75,0.578421,0.522406,0.997302,0.5,0.6,0.775939,0.139669,0.133845,0.651305,1,ok,VOO,0.013608,0.013608,0.013608,0.0,0,0.0,0.417009,0.795303,0.65,part2a21_soft_caution_overlay,artifacts_part2_g532/predictions/g532_final_consensus_tape.csv
2025-01-16,0,0.202602352818485,0.49605369011505,1.967073,2.162984,0.75,0.566545,0.519013,0.825693,0.5,0.6,0.809871,0.145777,0.109674,0.695073,1,ok,VOO,0.01255,0.01255,0.01255,0.0,0,0.0,0.440761,0.625645,0.65,part2a21_soft_caution_overlay,artifacts_part2_g532/predictions/g532_final_consensus_tape.csv
2025-01-27,0,0.205978487576315,0.495870080839804,2.554868,2.291737,0.75,0.574792,0.521369,0.891823,0.5,0.6,0.786308,0.141535,0.145269,0.632481,1,ok,VOO,0.011975,0.011975,0.011975,0.0,0,0.0,0.424267,0.743462,0.65,part2a21_soft_caution_overlay,artifacts_part2_g532/predictions/g532_final_consensus_tape.csv
2025-02-05,0,0.1359020337472457,0.3988112274696314,1.501084,2.007675,0.5,0.576896,0.52197,0.743995,0.5,0.6,0.780296,0.140453,0.135316,0.648818,0,low_agreement,FLAT,0.0,0.0,0.0,0.0,1,0.06632,0.511665,0.690618,0.65,part2a21_soft_caution_overlay,artifacts_part2_g532/predictions/g532_final_consensus_tape.csv
2025-02-14,0,0.1454117552017715,0.4119150149698861,1.635875,1.897276,0.5,0.571202,0.520343,0.687513,0.5,0.6,0.796567,0.143382,0.08171,0.75367,0,low_agreement,FLAT,0.0,0.0,0.0,0.0,0,0.0,0.431449,0.692165,0.65,part2a21_soft_caution_overlay,artifacts_part2_g532/predictions/g532_final_consensus_tape.csv
2025-02-25,0,0.183232398149357,0.4903805206796567,1.916462,1.684474,0.75,0.583481,0.523852,0.574475,0.75,0.6,0.761482,0.342667,0.144953,0.632987,1,ok,VOO,0.018691,0.018691,0.018691,0.0,1,0.057595,0.496968,0.795596,0.65,part2a21_soft_caution_overlay,artifacts_part2_g532/predictions/g532_final_consensus_tape.csv
2025-03-06,0,0.1899686848764439,0.5001519060690908,2.205581,1.919306,0.75,0.579891,0.522826,0.697573,0.75,0.6,0.771741,0.347283,0.207307,0.546679,1,ok,VOO,0.019865,0.019865,0.019865,0.0,1,0.058443,0.504298,0.743241,0.65,part2a21_soft_caution_overlay,artifacts_part2_g532/predictions/g532_final_consensus_tape.csv
2025-03-17,0,0.2204537160431097,0.4649530600271053,1.082729,1.734924,0.5,0.589411,0.525546,0.59956,0.75,0.6,0.744541,0.335043,0.280417,0.471327,0,low_agreement,FLAT,0.0,0.0,0.0,0.0,1,0.047491,0.483341,0.892932,0.65,part2a21_soft_caution_overlay,artifacts_part2_g532/predictions/g532_final_consensus_tape.csv
2025-03-26,0,0.1736677252467785,0.4552299825462008,1.885813,1.724707,0.75,0.577305,0.522087,0.596768,0.75,0.6,0.779128,0.350608,0.218149,0.534018,1,ok,VOO,0.01676,0.01676,0.01676,0.0,0,0.0,0.419241,0.77936,0.65,part2a21_soft_caution_overlay,artifacts_part2_g532/predictions/g532_final_consensus_tape.csv
2025-04-04,0,0.2021914979199285,0.4772633336876601,1.985847,1.651463,0.75,0.594968,0.527134,0.554581,0.65,0.6,0.728663,0.284179,0.451226,0.356518,0,high_risk_veto,FLAT,0.0,0.0,0.0,0.0,1,0.025348,0.468352,1.0,0.65,part2a21_soft_caution_overlay,artifacts_part2_g532/predictions/g532_final_consensus_tape.csv
2025-04-15,0,0.429698261385657,0.6248318136146486,0.901266,1.590975,0.5,0.593748,0.526785,0.523135,0.65,0.6,0.732149,0.285538,0.696176,0.264221,0,high_risk_veto,FLAT,0.0,0.0,0.0,0.0,1,0.036268,0.472703,0.968918,0.65,part2a21_soft_caution_overlay,artifacts_part2_g532/predictions/g532_final_consensus_tape.csv
2025-04-24,0,0.226812674648793,0.4869762738215528,0.319349,1.068821,0.5,0.594968,0.527134,0.248737,0.65,0.6,0.728663,0.284179,0.2688,0.481882,0,high_risk_veto,FLAT,0.0,0.0,0.0,0.0,1,0.025348,0.468352,1.0,0.65,part2a21_soft_caution_overlay,artifacts_part2_g532/predictions/g532_final_consensus_tape.csv
2025-05-05,0,0.1767904936199628,0.4307035286883954,1.464769,0.895128,0.75,0.579973,0.522849,0.164141,0.75,0.6,0.771507,0.347178,0.161601,0.607385,1,ok,VOO,0.005192,0.005192,0.005192,0.0,0,0.0,0.413906,0.817466,0.65,part2a21_soft_caution_overlay,artifacts_part2_g532/predictions/g532_final_consensus_tape.csv
2025-05-14,0,0.2540279531436423,0.8707900278852586,1.579108,1.121075,0.5,0.575509,0.521574,0.283486,0.75,0.6,0.784259,0.352917,0.226586,0.524565,0,low_agreement,FLAT,0.0,0.0,0.0,0.0,0,0.0,0.422833,0.753704,0.65,part2a21_soft_caution_overlay,artifacts_part2_g532/predictions/g532_final_consensus_tape.csv
2025-05-23,0,0.2398687128241891,0.8433803996875419,1.923306,1.655728,0.75,0.587753,0.525072,0.558492,0.75,0.6,0.749278,0.337175,0.221665,0.530037,1,ok,VOO,0.014972,0.014972,0.014972,0.0,1,0.046882,0.486551,0.870008,0.65,part2a21_soft_caution_overlay,artifacts_part2_g532/predictions/g532_final_consensus_tape.csv
2025-06-03,0,0.2348336303587737,0.8418410809062337,1.464148,1.655521,0.5,0.569918,0.519977,0.562465,0.75,0.6,0.800235,0.360106,0.131454,0.655386,0,low_agreement,FLAT,0.0,0.0,0.0,0.0,1,0.076496,0.527403,0.578207,0.65,part2a21_soft_caution_overlay,artifacts_part2_g532/predictions/g532_final_consensus_tape.csv
2025-06-12,0,0.258539946745264,0.879170984682224,1.545603,1.644352,0.5,0.57173,0.520494,0.556261,0.65,0.6,0.795056,0.310072,0.127333,0.662545,0,high_risk_veto,FLAT,0.0,0.0,0.0,0.0,1,0.071033,0.522822,0.610927,0.65,part2a21_soft_caution_overlay,artifacts_part2_g532/predictions/g532_final_consensus_tape.csv
2025-06-23,0,0.2302657929640317,0.7806585854805492,1.314806,1.441519,0.5,0.576267,0.521791,0.449778,0.75,0.6,0.782094,0.351942,0.11896,0.67758,0,low_agreement,FLAT,0.0,0.0,0.0,0.0,1,0.072592,0.514021,0.673789,0.65,part2a21_soft_caution_overlay,artifacts_part2_g532/predictions/g532_final_consensus_tape.csv
2025-07-02,0,0.2274015450733376,0.7041140890736903,1.486233,1.448881,0.5,0.57816,0.522331,0.453066,0.75,0.6,0.776686,0.349509,0.061228,0.803269,0,low_agreement,FLAT,0.0,0.0,0.0,0.0,1,0.075399,0.510726,0.697323,0.65,part2a21_soft_caution_overlay,artifacts_part2_g532/predictions/g532_final_consensus_tape.csv
2025-07-11,0,0.2269457414869984,0.7216363729279273,1.788028,1.529689,0.75,0.574783,0.521367,0.495999,0.5,0.6,0.786334,0.14154,0.071066,0.778656,1,ok,VOO,0.0082,0.0082,0.0082,0.0,1,0.080663,0.518402,0.642501,0.65,part2a21_soft_caution_overlay,artifacts_part2_g532/predictions/g532_final_consensus_tape.csv
2025-07-22,0,0.2330155291636008,0.8094781280415445,1.933514,1.735925,0.75,0.581578,0.523308,0.601717,0.5,0.6,0.76692,0.138046,0.046355,0.843583,1,ok,VOO,0.010511,0.010511,0.010511,0.0,1,0.061916,0.501531,0.763007,0.65,part2a21_soft_caution_overlay,artifacts_part2_g532/predictions/g532_final_consensus_tape.csv
2025-07-31,0,0.240340325810505,0.8422539213579036,1.806596,1.842712,0.75,0.571926,0.52055,0.659096,0.5,0.6,0.794497,0.143009,0.08969,0.735965,1,ok,VOO,0.010405,0.010405,0.010405,0.0,0,0.0,0.43,0.702515,0.65,part2a21_soft_caution_overlay,artifacts_part2_g532/predictions/g532_final_consensus_tape.csv
2025-08-11,0,0.2639825133853902,0.9061670040324468,1.714246,1.818118,0.75,0.568911,0.519689,0.646893,0.5,0.6,0.803113,0.14456,0.187298,0.571693,0,high_risk_veto,FLAT,0.0,0.0,0.0,0.0,0,0.0,0.436031,0.659437,0.65,part2a21_soft_caution_overlay,artifacts_part2_g532/predictions/g532_final_consensus_tape.csv
2025-08-20,0,0.2293085254300262,0.7653727115263887,1.693716,1.738186,0.75,0.583437,0.523839,0.60251,0.5,0.6,0.761608,0.137089,0.092143,0.730689,1,ok,VOO,0.009053,0.009053,0.009053,0.0,1,0.057697,0.497074,0.79484,0.65,part2a21_soft_caution_overlay,artifacts_part2_g532/predictions/g532_final_consensus_tape.csv
2025-08-29,0,0.2198722979082373,0.6846758194282607,1.831466,1.746476,0.75,0.588262,0.525218,0.605843,0.5,0.6,0.747824,0.134608,0.075434,0.768206,1,ok,VOO,0.009397,0.009397,0.009397,0.0,1,0.045509,0.485293,0.878993,0.65,part2a21_soft_caution_overlay,artifacts_part2_g532/predictions/g532_final_consensus_tape.csv
2025-09-09,0,0.2436361942177719,0.8400208865526159,1.355884,1.627022,0.5,0.57364,0.52104,0.546825,0.5,0.6,0.789601,0.142128,0.062646,0.799627,0,high_risk_veto,FLAT,0.0,0.0,0.0,0.0,1,0.077158,0.520075,0.630548,0.65,part2a21_soft_caution_overlay,artifacts_part2_g532/predictions/g532_final_consensus_tape.csv
2025-09-18,0,0.2309649357545772,0.7959255668485161,1.276898,1.488083,0.5,0.578753,0.522501,0.473302,0.5,0.6,0.774993,0.139499,0.071926,0.776576,0,low_agreement,FLAT,0.0,0.0,0.0,0.0,1,0.067843,0.508219,0.715232,0.65,part2a21_soft_caution_overlay,artifacts_part2_g532/predictions/g532_final_consensus_tape.csv
2025-09-29,0,0.2259428230752585,0.7572536094388648,1.453267,1.362016,0.5,0.569738,0.519925,0.410451,0.5,0.6,0.80075,0.144135,0.080426,0.756598,0,low_agreement,FLAT,0.0,0.0,0.0,0.0,1,0.080882,0.528531,0.570149,0.65,part2a21_soft_caution_overlay,artifacts_part2_g532/predictions/g532_final_consensus_tape.csv
2025-10-08,0,0.2437324091685081,0.8622057191887765,1.267593,1.332586,0.5,0.570416,0.520119,0.394992,0.75,0.6,0.798812,0.359465,0.065027,0.793582,0,low_agreement,FLAT,0.0,0.0,0.0,0.0,1,0.08068,0.527139,0.580091,0.65,part2a21_soft_caution_overlay,artifacts_part2_g532/predictions/g532_final_consensus_tape.csv
2025-10-17,0,0.2411179981388124,0.8517601865438186,1.324864,1.348575,0.5,0.574301,0.521229,0.402074,0.65,0.6,0.787711,0.307207,0.214017,0.538773,0,high_risk_veto,FLAT,0.0,0.0,0.0,0.0,0,0.0,0.425249,0.736447,0.65,part2a21_soft_caution_overlay,artifacts_part2_g532/predictions/g532_final_consensus_tape.csv
2025-10-28,0,0.2614371997974385,0.8945650373275026,1.39052,1.327659,0.5,0.563412,0.518118,0.394636,0.65,0.6,0.818823,0.319341,0.117221,0.680789,0,high_risk_veto,FLAT,0.0,0.0,0.0,0.0,0,0.0,0.447028,0.580884,0.65,part2a21_soft_caution_overlay,artifacts_part2_g532/predictions/g532_final_consensus_tape.csv
2025-11-06,0,0.2287100725649389,0.7502154195426637,2.108217,1.607867,0.75,0.5912,0.526057,0.532621,0.75,0.6,0.739428,0.332742,0.151303,0.622971,1,ok,VOO,0.016561,0.016561,0.016561,0.0,1,0.037157,0.477953,0.931416,0.65,part2a21_soft_caution_overlay,artifacts_part2_g532/predictions/g532_final_consensus_tape.csv
2025-11-17,0,0.2183479269257756,0.6728904479510648,1.665787,1.721508,0.75,0.592296,0.52637,0.591922,0.65,0.6,0.736297,0.287156,0.165855,0.601171,0,high_risk_veto,FLAT,0.0,0.0,0.0,0.0,1,0.033854,0.475184,0.951196,0.65,part2a21_soft_caution_overlay,artifacts_part2_g532/predictions/g532_final_consensus_tape.csv
2025-11-26,0,0.1620059167516307,0.5731813023512463,1.111668,1.628557,0.5,0.595453,0.527272,0.542441,0.75,0.6,0.727278,0.327275,0.167974,0.598124,0,low_agreement,FLAT,0.0,0.0,0.0,0.0,1,0.268686,0.669694,0.702751,0.65,part2a21_soft_caution_overlay,artifacts_part2_g532/predictions/g532_final_consensus_tape.csv
2025-12-05,0,0.1052260947829085,0.4379655238454214,1.5154,1.430952,0.5,0.589915,0.52569,0.440314,0.65,0.6,0.743101,0.289809,0.06443,0.79509,0,high_risk_veto,FLAT,0.0,0.0,0.0,0.0,1,0.29979,0.686212,0.58476,0.65,part2a21_soft_caution_overlay,artifacts_part2_g532/predictions/g532_final_consensus_tape.csv
2025-12-16,0,0.1469782638100711,0.5237461449102111,1.451862,1.359643,0.5,0.579266,0.522647,0.406291,0.65,0.6,0.773525,0.301675,0.065469,0.79247,0,high_risk_veto,FLAT,0.0,0.0,0.0,0.0,1,0.269259,0.702167,0.470801,0.65,part2a21_soft_caution_overlay,artifacts_part2_g532/predictions/g532_final_consensus_tape.csv
2025-12-25,0,0.1790996227489235,0.6311451316984166,1.517306,1.494856,0.75,0.580037,0.522868,0.476477,0.65,0.6,0.771322,0.300815,0.112032,0.690546,0,high_risk_veto,FLAT,0.0,0.0,0.0,0.0,1,0.281064,0.70269,0.467061,0.65,part2a21_soft_caution_overlay,artifacts_part2_g532/predictions/g532_final_consensus_tape.csv
2026-01-05,0,0.1597376893899408,0.5689176487998574,1.241607,1.403592,0.5,0.581583,0.523309,0.428483,0.65,0.6,0.766906,0.299093,0.049491,0.834749,0,high_risk_veto,FLAT,0.0,0.0,0.0,0.0,1,0.28313,0.699961,0.486556,0.65,part2a21_soft_caution_overlay,artifacts_part2_g532/predictions/g532_final_consensus_tape.csv
2026-01-14,0,0.1697797874437669,0.5886193209951315,1.956624,1.571846,0.75,0.589789,0.525654,0.514109,0.65,0.6,0.74346,0.289949,0.072543,0.775091,0,high_risk_veto,FLAT,0.0,0.0,0.0,0.0,1,0.27928,0.682875,0.608601,0.65,part2a21_soft_caution_overlay,artifacts_part2_g532/predictions/g532_final_consensus_tape.csv
2026-01-23,0,0.1250204595890416,0.5225290083200246,1.6769,1.625044,0.5,0.593433,0.526695,0.541083,0.65,0.6,0.733047,0.285888,0.115808,0.683418,0,high_risk_veto,FLAT,0.0,0.0,0.0,0.0,1,0.281236,0.675928,0.658218,0.65,part2a21_soft_caution_overlay,artifacts_part2_g532/predictions/g532_final_consensus_tape.csv
2026-02-03,0,0.1015196384896419,0.4697406137839894,2.114655,1.916059,0.75,0.595472,0.527278,0.693394,0.65,0.6,0.727222,0.283616,0.090251,0.734751,0,high_risk_veto,FLAT,0.0,0.0,0.0,0.0,1,0.277079,0.671123,0.692542,0.65,part2a21_soft_caution_overlay,artifacts_part2_g532/predictions/g532_final_consensus_tape.csv
2026-02-12,0,0.1414837632661511,0.5758195480678047,2.100408,1.963987,0.75,0.605161,0.530046,0.71712,0.75,0.6,0.699541,0.314793,0.193929,0.563153,1,ok,VOO,0.019069,0.019069,0.019069,0.0,1,0.298015,0.65541,0.804778,0.65,part2a21_soft_caution_overlay,artifacts_part2_g532/predictions/g532_final_consensus_tape.csv
2026-02-23,0,0.1650722579787302,0.6142141365516727,1.788097,2.001053,0.75,0.5949,0.527114,0.738099,0.75,0.6,0.728858,0.327986,0.145091,0.632766,1,ok,VOO,0.022978,0.022978,0.022978,0.0,1,0.262038,0.669636,0.703164,0.65,part2a21_soft_caution_overlay,artifacts_part2_g532/predictions/g532_final_consensus_tape.csv
2026-03-04,0,0.1299198869497073,0.517718970636587,1.082483,1.656996,0.5,0.604279,0.529794,0.555312,0.65,0.6,0.702059,0.273803,0.141822,0.638044,0,high_risk_veto,FLAT,0.0,0.0,0.0,0.0,1,0.252352,0.649182,0.849263,0.65,part2a21_soft_caution_overlay,artifacts_part2_g532/predictions/g532_final_consensus_tape.csv
2026-03-13,0,0.1590917224920696,0.5946056033932232,1.745792,1.538791,0.75,0.575939,0.521697,0.500427,0.65,0.6,0.783031,0.305382,0.124171,0.668143,0,high_risk_veto,FLAT,0.0,0.0,0.0,0.0,1,0.22944,0.701853,0.473044,0.65,part2a21_soft_caution_overlay,artifacts_part2_g532/predictions/g532_final_consensus_tape.csv
2026-03-24,0,0.147437981309685,0.5103543853091055,1.813553,1.547276,0.75,0.602366,0.529247,0.497941,0.65,0.6,0.707525,0.275935,0.101463,0.711312,0,high_risk_veto,FLAT,0.0,0.0,0.0,0.0,1,0.253009,0.653123,0.821112,0.65,part2a21_soft_caution_overlay,artifacts_part2_g532/predictions/g532_final_consensus_tape.csv
2026-04-02,0,0.1580786154902991,0.5457763284232063,1.540784,1.700043,0.5,0.606308,0.530374,0.577568,0.65,0.6,0.696264,0.271543,0.19596,0.560589,0,high_risk_veto,FLAT,0.0,0.0,0.0,0.0,1,0.264375,0.647229,0.863211,0.65,part2a21_soft_caution_overlay,artifacts_part2_g532/predictions/g532_final_consensus_tape.csv
2026-04-09,1,0.1709759439789287,0.611284327300322,1.588093,1.647477,0.75,0.596383,0.527538,0.552156,0.75,0.6,0.724619,0.326079,0.185329,0.574278,1,ok,VOO,0.015509,0.015509,0.015509,0.0,1,0.253975,0.665258,0.734434,0.65,part2a21_soft_caution_overlay,artifacts_part2_g532/predictions/g532_final_consensus_tape.csv
