model,auc,pr,lift,brier,ece
<<<<<<< Updated upstream
base_only,0.510720757102594,0.218983291214966,0.9657085433813086,0.16209408870881334,0.01417281404749387
dist_only,0.5095472988259074,0.22181080881503618,1.050918120738483,0.176832230103163,0.11380858222702864
base_plus_risk_overlay,0.510720757102594,0.218983291214966,0.9657085433813086,0.16209408870881334,0.01417281404749387
=======
base_only,0.5087553577883739,0.21862373301588056,1.002653461330449,0.16211323019282253,0.01600800581157519
dist_only,0.4989499595476219,0.21634836977692795,1.0456243239588967,0.17739911743072442,0.11293590053836244
base_plus_risk_overlay,0.5087553577883739,0.21862373301588056,1.002653461330449,0.16211323019282253,0.01600800581157519
>>>>>>> Stashed changes
