date,run_date,source_decision_date,model_protocol_version,model_code_sha,pipeline_run_date,pipeline_run_id,pipeline_run_attempt,execution_source_code_sha,execution_lineage_verified,price_source,price_session,p_tail,base_rate,edge,target_w_voo,action_reason,target_source,dry_run,accuracy_gate_passed,accuracy_gate_reason,publish_mode,final_pass,raw_val_auc,px_voo,px_ief,nav
2026-06-21,,,,,,,,,,,,0.182814,0.206668,0.023854,0.6,part7_current_target (w_voo=0.600),part7_current_target,True,False,Only 0 live realized obs (need 60),NORMAL,True,0.5843,681.41,94.02,1000.0
2026-06-22,,,,,,,,,,,,0.178339,0.206516,0.028178,0.6,part7_current_target (w_voo=0.600),part7_current_target,True,False,Only 1 live realized obs (need 60),NORMAL,True,0.5,681.41,94.02,1000.0
2026-06-23,,,,,,,,,,,,0.187545,0.206466,0.018921,0.6,part7_current_target (w_voo=0.600),part7_current_target,True,False,Only 3 live realized obs (need 60),NORMAL,True,0.5868,688.11,94.36,1000.0
2026-06-26,,,,,,,,,,,,0.181755,0.206854,0.025099,0.6,part7_current_target (w_voo=0.600),part7_current_target,True,False,Only 4 live realized obs (need 60),NORMAL,True,0.5,675.69,94.73,1000.0
2026-07-01,,,,,,,,,,,,0.184688,0.206897,0.022208,0.6,part7_current_target (w_voo=0.600),part7_current_target,True,False,Only 5 live realized obs (need 60),NORMAL,True,0.5,681.01,95.06,1000.0
2026-07-02,,,,,,,,,,,,0.19569,0.206897,0.011207,0.6,part7_current_target (w_voo=0.600),part7_current_target,True,False,Only 5 live realized obs (need 60),NORMAL,True,0.5848,686.81,94.259,1000.0
2026-07-03,,,,,,,,,,,,0.195705,0.206897,0.011192,0.6,part7_current_target (w_voo=0.600),part7_current_target,True,False,Only 6 live realized obs (need 60),NORMAL,True,0.5848,685.46,94.03,1000.0
2026-07-05,,,,,,,,,,,,0.19569,0.206795,0.011105,0.6,part7_current_target (w_voo=0.600),part7_current_target,True,False,Only 6 live realized obs (need 60),NORMAL,True,0.5824,685.46,94.03,1000.0
2026-07-07,,,,,,,,,,,,0.207439,0.206694,-0.000745,0.6,part7_current_target (w_voo=0.600),part7_current_target,True,False,Only 7 live realized obs (need 60),NORMAL,True,0.5,684.84,94.12,1000.0
2026-07-08,,,,,,,,,,,,0.201782,0.206694,0.004912,0.6,part7_current_target (w_voo=0.600),part7_current_target,True,False,Only 7 live realized obs (need 60),NORMAL,True,0.5825,690.62,94.18,1000.0
2026-07-09,,,,,,,,,,,,0.201688,0.206694,0.005006,0.6,part7_current_target (w_voo=0.600),part7_current_target,True,False,Only 8 live realized obs (need 60),NORMAL,True,0.583,687.08,93.7,1000.0
2026-07-10,,,,,,,,,,,,0.205623,0.206694,0.001071,0.6,part7_current_target (w_voo=0.600),part7_current_target,True,False,Only 8 live realized obs (need 60),NORMAL,True,0.5848,685.26,93.51,1000.0
2026-07-13,,,,,,,,,,,,0.209933,0.206493,-0.003441,0.6,part7_current_target (w_voo=0.600),part7_current_target,True,False,Only 8 live realized obs (need 60),NORMAL,True,0.5,690.69,93.71,1000.0
2026-07-14,,,,,,,,,,,,0.249331,0.206686,-0.042645,0.6,part7_current_target (w_voo=0.600),part7_current_target,True,False,Only 8 live realized obs (need 60),NORMAL,True,0.5,693.86,93.63,1000.0
2026-07-15,,,,,,,,,,,,0.213167,0.206636,-0.006532,0.6,part7_current_target (w_voo=0.600),part7_current_target,True,False,Only 9 live realized obs (need 60),NORMAL,True,0.5488,693.86,93.63,1000.0
2026-07-16,,,,,,,,,,,,0.217103,0.206636,-0.010467,0.6,part7_current_target (w_voo=0.600),part7_current_target,True,False,Only 10 live realized obs (need 60),NORMAL,True,0.571,691.1,93.55,1000.0
2026-07-17,,,,,,,,,,,,0.216289,0.206636,-0.009654,0.6,part7_current_target (w_voo=0.600),part7_current_target,True,False,Only 11 live realized obs (need 60),NORMAL,True,0.551,693.8,93.78,1000.0
2026-07-20,,,,,,,,,,,,0.214248,0.206972,-0.007276,0.6,part7_current_target (w_voo=0.600),part7_current_target,True,False,Only 11 live realized obs (need 60),NORMAL,True,0.5,690.14,93.72,1000.0
2026-07-21,,,,,,,,,,,,0.228401,0.206922,-0.021479,0.6,part7_current_target (w_voo=0.600),part7_current_target,True,False,Only 11 live realized obs (need 60),NORMAL,True,0.5,683.17,93.84,1000.0
2026-07-22,,,,,,,,,,,,0.237908,0.206871,-0.031037,0.6,part7_current_target (w_voo=0.600),part7_current_target,True,False,Only 12 live realized obs (need 60),NORMAL,True,0.5,682.21,93.54,1000.0
2026-07-23,,,,,,,,,,,,0.288218,0.206871,-0.081347,0.6,part7_current_target (w_voo=0.600),part7_current_target,True,False,Only 13 live realized obs (need 60),NORMAL,True,0.5,687.87,93.31,1000.0
2026-07-24,,,,,,,,,,,,0.288551,0.206871,-0.08168,0.6,part7_current_target (w_voo=0.600),part7_current_target,True,False,Only 14 live realized obs (need 60),NORMAL,True,0.5,687.03,93.1,1000.0
2026-07-27,,,,,,,,,,,,0.251622,0.206871,-0.044751,0.6,part7_current_target (w_voo=0.600),part7_current_target,True,False,Only 14 live realized obs (need 60),NORMAL,True,0.5,678.61,92.85,1000.0
2026-07-28,,,,,,,,,,,,0.25139,0.206871,-0.044519,0.6,part7_current_target (w_voo=0.600),part7_current_target,True,False,Only 14 live realized obs (need 60),NORMAL,True,0.5,679.14,93.03,1000.0
2026-07-29,,,,,,,,,,,,0.288542,0.206871,-0.081671,0.6,part7_current_target (w_voo=0.600),part7_current_target,True,False,Only 14 live realized obs (need 60),NORMAL,True,0.5,679.14,92.85,1000.0
2026-07-30,,,,,,,,,,,,0.288854,0.206871,-0.081983,0.6,part7_current_target (w_voo=0.600),part7_current_target,True,False,Only 14 live realized obs (need 60),NORMAL,True,0.5,680.96,93.56,1000.0
2026-07-31,,,,,,,,,,,,0.288825,0.206871,-0.081953,0.6,part7_current_target (w_voo=0.600),part7_current_target,True,False,Only 14 live realized obs (need 60),NORMAL,True,0.5,670.63,93.17,1000.0
2026-08-03,,,,,,,,,,,,0.288502,0.206871,-0.081631,0.6,part7_current_target (w_voo=0.600),part7_current_target,True,False,Only 14 live realized obs (need 60),NORMAL,True,0.5,681.79,93.21,1000.0
2026-08-04,,,,,,,,,,,,0.290017,0.206871,-0.083145,0.6,part7_current_target (w_voo=0.600),part7_current_target,True,False,Only 14 live realized obs (need 60),NORMAL,True,0.5,686.65,92.632,1000.0
2026-08-05,,,,,,,,,,,,0.235455,0.207065,-0.028391,0.6,part7_current_target (w_voo=0.600),part7_current_target,True,False,Only 14 live realized obs (need 60),NORMAL,True,0.5,696.4,92.82,1000.0
2026-08-06,,,,,,,,,,,,0.235446,0.207065,-0.028382,0.6,part7_current_target (w_voo=0.600),part7_current_target,True,False,Only 15 live realized obs (need 60),NORMAL,True,0.5,708.98,93.25,1000.0
2026-08-07,,,,,,,,,,,,0.225316,0.207065,-0.018252,0.6,part7_current_target (w_voo=0.600),part7_current_target,True,False,Only 15 live realized obs (need 60),NORMAL,True,0.5,707.6,93.31,1000.0
2026-08-10,,,,,,,,,,,,0.218092,0.206704,-0.011388,0.35,part7_current_target (w_voo=0.350),part7_current_target,True,False,Only 15 live realized obs (need 60),NORMAL,True,0.6151,706.4,92.95,1000.0
2026-08-11,,,,,,,,,,,,0.214747,0.206654,-0.008093,0.6,part7_current_target (w_voo=0.600),part7_current_target,True,False,Only 15 live realized obs (need 60),NORMAL,True,0.5,710.71,93.17,1000.0
2026-08-12,,,,,,,,,,,,0.216846,0.206604,-0.010243,0.6,part7_current_target (w_voo=0.600),part7_current_target,True,False,Only 16 live realized obs (need 60),NORMAL,True,0.5459,710.65,92.76,1000.0
2026-08-13,,,,,,,,,,,,0.224341,0.206553,-0.017788,0.6,part7_current_target (w_voo=0.600),part7_current_target,True,False,Only 17 live realized obs (need 60),NORMAL,True,0.5449,708.42,92.87,1000.0
2026-08-14,,,,,,,,,,,,0.215009,0.206503,-0.008506,0.6,part7_current_target (w_voo=0.600),part7_current_target,True,False,Only 18 live realized obs (need 60),NORMAL,True,0.5,710.17,92.96,1000.0
2026-08-17,,,,,,,,,,,,0.227838,0.206453,-0.021385,0.6,part7_current_target (w_voo=0.600),part7_current_target,True,False,Only 19 live realized obs (need 60),NORMAL,True,0.5,714.95,93.3,1000.0
2026-08-18,,,,,,,,,,,,0.221244,0.206403,-0.014841,0.6,part7_current_target (w_voo=0.600),part7_current_target,True,False,Only 20 live realized obs (need 60),NORMAL,True,0.5476,714.95,93.3,1000.0
2026-08-19,,,,,,,,,,,,0.237472,0.206596,-0.030876,0.6,part7_current_target (w_voo=0.600),part7_current_target,True,False,Only 21 live realized obs (need 60),NORMAL,True,0.5,710.27,92.84,1000.0
2026-08-20,,,,,,,,,,,,0.204338,0.206545,0.002207,0.6,part7_current_target (w_voo=0.600),part7_current_target,True,False,Only 22 live realized obs (need 60),NORMAL,True,0.5,705.4,92.93,1000.0
2026-08-21,,,,,,,,,,,,0.219756,0.206495,-0.01326,0.42,part7_current_target (w_voo=0.420),part7_current_target,True,False,Only 23 live realized obs (need 60),NORMAL,True,0.6105,706.91,93.38,1000.0
2026-08-24,,,,,,,,,,,,0.256223,0.206445,-0.049777,0.6,part7_current_target (w_voo=0.600),part7_current_target,True,False,Only 24 live realized obs (need 60),NORMAL,True,0.5,701.01,93.0,1000.0
2026-08-25,,,,,,,,,,,,0.253831,0.206638,-0.047193,0.6,part7_current_target (w_voo=0.600),part7_current_target,True,False,Only 25 live realized obs (need 60),NORMAL,True,0.5388,703.71,92.82,1000.0
2026-08-26,,,,,,,,,,,,0.219202,0.206588,-0.012614,0.6,part7_current_target (w_voo=0.600),part7_current_target,True,False,Only 26 live realized obs (need 60),NORMAL,True,0.5,701.83,93.01,1000.0
2026-09-02,,,,,,,,,,,,0.238738,0.199405,-0.039333,0.6,neutral_model_not_cleared (FAIL_CLOSED_NEUTRAL),heuristic_fallback,True,False,Only 28 live realized obs (need 60),FAIL_CLOSED_NEUTRAL,False,0.5508,700.28,92.1,1000.0
2026-09-11,2026-09-12,2026-09-11,causal-integrity-v3,a69123c9fb15815e249945dfe5882a0cad29a460,2026-09-11,34723082396.0,1.0,a69123c9fb15815e249945dfe5882a0cad29a460,true,artifacts_part0/close_prices.parquet,2026-09-11,0.203036,0.197421,-0.005615,0.6,neutral_model_not_cleared (FAIL_CLOSED_NEUTRAL),heuristic_fallback,True,False,Only 0 live realized obs (need 60),FAIL_CLOSED_NEUTRAL,False,0.643,702.56,91.01,1000.0
2026-09-14,2026-09-15,2026-09-14,causal-integrity-v3,6fc3f6a5952c85b7d577d3a6064ec53c75013c00,2026-09-14,34908981925.0,1.0,6fc3f6a5952c85b7d577d3a6064ec53c75013c00,true,artifacts_part0/close_prices.parquet,2026-09-14,0.203661,0.197421,-0.00624,0.6,neutral_model_not_cleared (FAIL_CLOSED_NEUTRAL),heuristic_fallback,True,False,Only 0 live realized obs (need 60),FAIL_CLOSED_NEUTRAL,False,0.605,699.3,90.93,1000.0
2026-09-15,2026-09-15,2026-09-15,causal-integrity-v3,7258e3f484bbc0f738f851ccd03a28390cc62a0c,2026-09-15,35034424479.0,1.0,7258e3f484bbc0f738f851ccd03a28390cc62a0c,true,artifacts_part0/close_prices.parquet,2026-09-15,0.201339,0.197421,-0.003918,0.6,neutral_model_not_cleared (FAIL_CLOSED_NEUTRAL),heuristic_fallback,True,False,Only 0 live realized obs (need 60),FAIL_CLOSED_NEUTRAL,False,0.5,696.2,90.82,1000.0
2026-09-16,2026-09-16,2026-09-16,causal-integrity-v3,62e2924ef43094cdd8fffe4b835d96d2a9ed7a31,2026-09-16,35161390930.0,1.0,62e2924ef43094cdd8fffe4b835d96d2a9ed7a31,true,artifacts_part0/close_prices.parquet,2026-09-16,0.204124,0.197421,-0.006703,0.6,neutral_model_not_cleared (FAIL_CLOSED_NEUTRAL),heuristic_fallback,True,False,Only 0 live realized obs (need 60),FAIL_CLOSED_NEUTRAL,False,0.6102,693.24,90.73,1000.0
2026-09-17,2026-09-17,2026-09-17,causal-integrity-v3,257111450c730f1270deb544e09cef585ff92d73,2026-09-17,35285215843.0,1.0,257111450c730f1270deb544e09cef585ff92d73,true,artifacts_part0/close_prices.parquet,2026-09-17,0.196721,0.197421,0.0007,0.6,neutral_model_not_cleared (FAIL_CLOSED_NEUTRAL),heuristic_fallback,True,False,Only 0 live realized obs (need 60),FAIL_CLOSED_NEUTRAL,False,0.5,701.03,91.25,1000.0
2026-09-18,2026-09-18,2026-09-18,causal-integrity-v3,edfb92ce5498f19e17e14a9fdcce33ebba04e9b7,2026-09-18,35403150469,1,edfb92ce5498f19e17e14a9fdcce33ebba04e9b7,true,artifacts_part0/close_prices.parquet,2026-09-18,0.197954,0.197421,-0.000533,0.6,neutral_model_not_cleared (FAIL_CLOSED_NEUTRAL),heuristic_fallback,True,False,Only 0 live realized obs (need 60),FAIL_CLOSED_NEUTRAL,False,0.5796,701.78,90.8,1000.0
