decision_date,target_date,h_reb,px_voo_t,px_ief_t,px_voo_call_1d,px_ief_call_1d,p_final_cal,base_rate,raw_val_auc,tail_threshold,publish_mode,deployment_mode,final_pass,latest_alpha_state,alpha_live,historical_alpha_state,current_alpha_live_status,current_alpha_reason,current_alpha_eligible,current_alpha_abs,defense_source,alpha_positions_source,alpha_summary_source,alpha_eligibility_source,alpha_summary_json_source,px_voo_realized,px_ief_realized,voo_err,ief_err,spread_err,hit_direction,p_regime_recal,p_final_cal_blended,voo_realized,ief_realized,voo_abs_err,ief_abs_err,voo_ape,ief_ape,realized_target_date,model_protocol_version,evidence_cohort,evidence_eligible,model_code_sha,pipeline_run_id,data_freshness_ok,target_definition_id,pipeline_run_attempt,prediction_revision_id,provenance_complete,forecast_issued_at_utc,evidence_prospective,px_voo_outcome_anchor,px_ief_outcome_anchor
2026-06-17,2026-06-18,1,681.4099731445312,94.0199966430664,681.2636758086383,94.04562429521394,0.1828139311518352,0.2066683010541799,0.5842524509803921,-0.015,NORMAL,NORMAL,1,SHADOW,0,SHADOW,SHADOW,ok,1,0.055869,/home/runner/work/Price-Call/Price-Call/artifacts_part2_g532/predictions/g532_final_consensus_tape.csv,/home/runner/work/Price-Call/Price-Call/artifacts_part2a_alpha/predictions/part2a21_alpha_positions.csv,/home/runner/work/Price-Call/Price-Call/artifacts_part2a_alpha/predictions/part2a21_alpha_summary_tape.csv,/home/runner/work/Price-Call/Price-Call/artifacts_part2a_alpha/predictions/part2a21_alpha_eligibility.csv,/home/runner/work/Price-Call/Price-Call/artifacts_part2a_alpha/predictions/part2a21_alpha_summary.json,684.3522338867188,93.39238739013672,3.0885580780804958,-0.6532369050772218,0.0114935194476177,0.0,,0.1828139311518352,684.3522338867188,93.39238739013672,3.0885580780804958,0.6532369050772218,0.004533572224314581,0.0069459574538702435,2026-06-18,legacy-pre-causal-integrity-v3,legacy-pre-causal-integrity-v3,0,,,,,,,,,,,
2026-06-19,2026-06-22,1,688.1099853515625,94.36000061035156,688.4079160652061,94.38220100938452,0.1786119174046764,0.2065670178877726,0.5846609477124183,-0.015,NORMAL,NORMAL,1,SHADOW,0,SHADOW,SHADOW,ok,1,0.043275,/home/runner/work/Price-Call/Price-Call/artifacts_part2_g532/predictions/g532_final_consensus_tape.csv,/home/runner/work/Price-Call/Price-Call/artifacts_part2a_alpha/predictions/part2a21_alpha_positions.csv,/home/runner/work/Price-Call/Price-Call/artifacts_part2a_alpha/predictions/part2a21_alpha_summary_tape.csv,/home/runner/work/Price-Call/Price-Call/artifacts_part2a_alpha/predictions/part2a21_alpha_eligibility.csv,/home/runner/work/Price-Call/Price-Call/artifacts_part2a_alpha/predictions/part2a21_alpha_summary.json,682.353271484375,93.03607940673828,-6.054644580831109,-1.3461216026462353,0.005531091830209939,1.0,,0.1786119174046764,682.353271484375,93.03607940673828,6.054644580831109,1.3461216026462353,0.008795140845326382,0.014262451905655274,2026-06-22,legacy-pre-causal-integrity-v3,legacy-pre-causal-integrity-v3,0,,,,,,,,,,,
2026-06-22,2026-06-23,1,688.1099853515625,94.36000061035156,688.4890506367556,94.38539852572995,0.1783385482621284,0.2065164135227829,0.5848651960784315,-0.015,NORMAL,NORMAL,1,SHADOW,0,SHADOW,SHADOW,ok,1,0.05796,/home/runner/work/Price-Call/Price-Call/artifacts_part2_g532/predictions/g532_final_consensus_tape.csv,/home/runner/work/Price-Call/Price-Call/artifacts_part2a_alpha/predictions/part2a21_alpha_positions.csv,/home/runner/work/Price-Call/Price-Call/artifacts_part2a_alpha/predictions/part2a21_alpha_summary_tape.csv,/home/runner/work/Price-Call/Price-Call/artifacts_part2a_alpha/predictions/part2a21_alpha_eligibility.csv,/home/runner/work/Price-Call/Price-Call/artifacts_part2a_alpha/predictions/part2a21_alpha_summary.json,672.6466064453125,93.15485382080078,-15.842444191443064,-1.230544704929173,-0.010156143675026319,0.0,,0.1783385482621284,672.6466064453125,93.15485382080078,15.842444191443064,1.230544704929173,0.023010451911749403,0.013037447784825743,2026-06-23,legacy-pre-causal-integrity-v3,legacy-pre-causal-integrity-v3,0,,,,,,,,,,,
2026-06-23,2026-06-24,1,686.0999755859375,94.0,685.7486232152158,94.05951227735012,0.1875446705778198,0.2064658339456282,0.5868055555555556,-0.015,NORMAL,NORMAL,1,SHADOW,0,SHADOW,SHADOW,ok,1,0.057069,/home/runner/work/Price-Call/Price-Call/artifacts_part2_g532/predictions/g532_final_consensus_tape.csv,/home/runner/work/Price-Call/Price-Call/artifacts_part2a_alpha/predictions/part2a21_alpha_positions.csv,/home/runner/work/Price-Call/Price-Call/artifacts_part2a_alpha/predictions/part2a21_alpha_summary_tape.csv,/home/runner/work/Price-Call/Price-Call/artifacts_part2a_alpha/predictions/part2a21_alpha_eligibility.csv,/home/runner/work/Price-Call/Price-Call/artifacts_part2a_alpha/predictions/part2a21_alpha_summary.json,672.0001220703125,93.75859832763672,-13.748501144903344,-0.30091394971340435,-0.017048284799090124,1.0,,0.1875446705778198,672.0001220703125,93.75859832763672,13.748501144903344,0.30091394971340435,0.02004889354417049,0.0031991867959734843,2026-06-24,legacy-pre-causal-integrity-v3,legacy-pre-causal-integrity-v3,0,,,,,,,,,,,
2026-06-26,2026-06-29,1,675.7100219726562,94.79000091552734,676.4795347012463,94.91053716667602,0.1817552654403247,0.2068543451652386,0.586499183006536,-0.015,NORMAL,NORMAL,1,SHADOW,0,SHADOW,SHADOW,ok,1,0.0558,/home/runner/work/Price-Call/Price-Call/artifacts_part2_g532/predictions/g532_final_consensus_tape.csv,/home/runner/work/Price-Call/Price-Call/artifacts_part2a_alpha/predictions/part2a21_alpha_positions.csv,/home/runner/work/Price-Call/Price-Call/artifacts_part2a_alpha/predictions/part2a21_alpha_summary_tape.csv,/home/runner/work/Price-Call/Price-Call/artifacts_part2a_alpha/predictions/part2a21_alpha_eligibility.csv,/home/runner/work/Price-Call/Price-Call/artifacts_part2a_alpha/predictions/part2a21_alpha_summary.json,679.263427734375,94.08521270751953,2.78389303312872,-0.8253244591564908,0.012840665243163659,0.0,,0.1817552654403247,679.263427734375,94.08521270751953,2.78389303312872,0.8253244591564908,0.004115265710673969,0.00869581485675407,2026-06-29,legacy-pre-causal-integrity-v3,legacy-pre-causal-integrity-v3,0,,,,,,,,,,,
2026-07-01,2026-07-02,1,685.4600219726562,94.02999877929688,685.131363852638,94.10362858037082,0.1933008498589178,0.2068965517241379,0.5861928104575164,-0.015,NORMAL,NORMAL,1,SHADOW,0,SHADOW,SHADOW,ok,1,0.060602,/home/runner/work/Price-Call/Price-Call/artifacts_part2_g532/predictions/g532_final_consensus_tape.csv,/home/runner/work/Price-Call/Price-Call/artifacts_part2a_alpha/predictions/part2a21_alpha_positions.csv,/home/runner/work/Price-Call/Price-Call/artifacts_part2a_alpha/predictions/part2a21_alpha_summary_tape.csv,/home/runner/work/Price-Call/Price-Call/artifacts_part2a_alpha/predictions/part2a21_alpha_eligibility.csv,/home/runner/work/Price-Call/Price-Call/artifacts_part2a_alpha/predictions/part2a21_alpha_summary.json,683.0836181640625,93.46221160888672,-2.0477456885754464,-0.6414169714841051,0.00384609397669413,0.0,,0.1933008498589178,683.0836181640625,93.46221160888672,2.0477456885754464,0.6414169714841051,0.0029888365890309576,0.006816070550736435,2026-07-02,legacy-pre-causal-integrity-v3,legacy-pre-causal-integrity-v3,0,,,,,,,,,,,
2026-07-03,2026-07-06,1,684.8400268554688,94.12000274658205,684.6634096801457,94.1073288066082,0.1956900455531043,0.2067954045465656,0.5824142156862745,-0.015,NORMAL,NORMAL,1,SHADOW,0,SHADOW,SHADOW,ok,1,0.060211,/home/runner/work/Price-Call/Price-Call/artifacts_part2_g532/predictions/g532_final_consensus_tape.csv,/home/runner/work/Price-Call/Price-Call/artifacts_part2a_alpha/predictions/part2a21_alpha_positions.csv,/home/runner/work/Price-Call/Price-Call/artifacts_part2a_alpha/predictions/part2a21_alpha_summary_tape.csv,/home/runner/work/Price-Call/Price-Call/artifacts_part2a_alpha/predictions/part2a21_alpha_eligibility.csv,/home/runner/work/Price-Call/Price-Call/artifacts_part2a_alpha/predictions/part2a21_alpha_summary.json,688.8487548828125,93.52178955078125,4.185345202666781,-0.5855392558269443,0.012335862453167673,0.0,,0.1956900455531043,688.8487548828125,93.52178955078125,4.185345202666781,0.5855392558269443,0.006112996756496816,0.0062220367239435226,2026-07-06,legacy-pre-causal-integrity-v3,legacy-pre-causal-integrity-v3,0,,,,,,,,,,,
2026-07-07,2026-07-08,1,687.0800170898438,93.6999969482422,687.5777102587775,93.7739996358734,0.2056231342064974,0.206694356217933,0.5847630718954248,-0.015,NORMAL,NORMAL,1,SHADOW,0,SHADOW,SHADOW,ok,1,0.0567,/home/runner/work/Price-Call/Price-Call/artifacts_part2_g532/predictions/g532_final_consensus_tape.csv,/home/runner/work/Price-Call/Price-Call/artifacts_part2a_alpha/predictions/part2a21_alpha_positions.csv,/home/runner/work/Price-Call/Price-Call/artifacts_part2a_alpha/predictions/part2a21_alpha_summary_tape.csv,/home/runner/work/Price-Call/Price-Call/artifacts_part2a_alpha/predictions/part2a21_alpha_eligibility.csv,/home/runner/work/Price-Call/Price-Call/artifacts_part2a_alpha/predictions/part2a21_alpha_summary.json,683.5025024414062,92.85647583007812,-4.075207817371279,-0.9175238057952697,0.0038880588819634743,0.0,,0.2056231342064974,683.5025024414062,92.85647583007812,4.075207817371279,0.9175238057952697,0.00592690507061017,0.00978441582270177,2026-07-08,legacy-pre-causal-integrity-v3,legacy-pre-causal-integrity-v3,0,,,,,,,,,,,
2026-07-13,2026-07-14,1,693.8599853515625,93.62999725341795,694.015473432121,93.72138762678684,0.2099332168422468,0.2064925555284354,0.5488461538461538,-0.015,NORMAL,NORMAL,1,SHADOW,0,SHADOW,SHADOW,ok,1,0.065018,/home/runner/work/Price-Call/Price-Call/artifacts_part2_g532/predictions/g532_final_consensus_tape.csv,/home/runner/work/Price-Call/Price-Call/artifacts_part2a_alpha/predictions/part2a21_alpha_positions.csv,/home/runner/work/Price-Call/Price-Call/artifacts_part2a_alpha/predictions/part2a21_alpha_summary_tape.csv,/home/runner/work/Price-Call/Price-Call/artifacts_part2a_alpha/predictions/part2a21_alpha_eligibility.csv,/home/runner/work/Price-Call/Price-Call/artifacts_part2a_alpha/predictions/part2a21_alpha_summary.json,689.3275146484375,92.89619445800781,-4.687958783683484,-0.8251931687790233,0.002065988115481405,0.0,,0.2099332168422468,689.3275146484375,92.89619445800781,4.687958783683484,0.8251931687790233,0.006754833232319849,0.00880474766405584,2026-07-14,legacy-pre-causal-integrity-v3,legacy-pre-causal-integrity-v3,0,,,,,,,,,,,
2026-07-14,2026-07-15,1,688.5,93.29000091552734,688.4766423125005,93.28245470400904,0.2493310368799024,0.2066861883845778,0.5708653846153846,-0.015,NORMAL,NORMAL,1,SHADOW,0,SHADOW,SHADOW,ok,1,0.068103,/home/runner/work/Price-Call/Price-Call/artifacts_part2_g532/predictions/g532_final_consensus_tape.csv,/home/runner/work/Price-Call/Price-Call/artifacts_part2a_alpha/predictions/part2a21_alpha_positions.csv,/home/runner/work/Price-Call/Price-Call/artifacts_part2a_alpha/predictions/part2a21_alpha_summary_tape.csv,/home/runner/work/Price-Call/Price-Call/artifacts_part2a_alpha/predictions/part2a21_alpha_eligibility.csv,/home/runner/work/Price-Call/Price-Call/artifacts_part2a_alpha/predictions/part2a21_alpha_summary.json,692.0205688476562,93.12458038330078,3.5439265351557196,-0.15787432070825957,0.006828153778016436,1.0,,0.2493310368799024,692.0205688476562,93.12458038330078,3.5439265351557196,0.15787432070825957,0.005147489860007664,0.0016924331720172298,2026-07-15,legacy-pre-causal-integrity-v3,legacy-pre-causal-integrity-v3,0,,,,,,,,,,,
2026-07-15,2026-07-16,1,693.7999877929688,93.77999877929688,693.9080248197002,93.75512541618652,0.2170815469620156,0.2066357648206879,0.5705769230769231,-0.015,NORMAL,NORMAL,1,SHADOW,0,SHADOW,SHADOW,ok,1,0.067628,/home/runner/work/Price-Call/Price-Call/artifacts_part2_g532/predictions/g532_final_consensus_tape.csv,/home/runner/work/Price-Call/Price-Call/artifacts_part2a_alpha/predictions/part2a21_alpha_positions.csv,/home/runner/work/Price-Call/Price-Call/artifacts_part2a_alpha/predictions/part2a21_alpha_summary_tape.csv,/home/runner/work/Price-Call/Price-Call/artifacts_part2a_alpha/predictions/part2a21_alpha_eligibility.csv,/home/runner/work/Price-Call/Price-Call/artifacts_part2a_alpha/predictions/part2a21_alpha_summary.json,688.3699951171875,93.06501007080078,-5.538029702512745,-0.6901153453857347,-0.0006248931664179825,0.0,,0.2170815469620156,688.3699951171875,93.06501007080078,5.538029702512745,0.6901153453857347,0.007980927593324352,0.007360827926177448,2026-07-16,legacy-pre-causal-integrity-v3,legacy-pre-causal-integrity-v3,0,,,,,,,,,,,
2026-07-20,2026-07-21,1,683.1699829101562,93.83999633789062,683.2102235680015,93.85541903460803,0.2142477116315234,0.2069722086786933,0.5502884615384616,-0.015,NORMAL,NORMAL,1,SHADOW,0,SHADOW,SHADOW,ok,1,0.067727,/home/runner/work/Price-Call/Price-Call/artifacts_part2_g532/predictions/g532_final_consensus_tape.csv,/home/runner/work/Price-Call/Price-Call/artifacts_part2a_alpha/predictions/part2a21_alpha_positions.csv,/home/runner/work/Price-Call/Price-Call/artifacts_part2a_alpha/predictions/part2a21_alpha_summary_tape.csv,/home/runner/work/Price-Call/Price-Call/artifacts_part2a_alpha/predictions/part2a21_alpha_eligibility.csv,/home/runner/work/Price-Call/Price-Call/artifacts_part2a_alpha/predictions/part2a21_alpha_summary.json,686.1057739257812,92.65786743164062,2.8955503577797117,-1.1975516029674083,0.017070836705038575,0.0,,0.2142477116315234,686.1057739257812,92.65786743164062,2.8955503577797117,1.1975516029674083,0.004238154316043415,0.012759536053276005,2026-07-21,legacy-pre-causal-integrity-v3,legacy-pre-causal-integrity-v3,0,,,,,,,,,,,
2026-07-21,2026-07-22,1,682.2100219726562,93.54000091552734,682.2194017385492,93.5555221816086,0.2284011573948236,0.2069217645625152,0.5705769230769231,-0.015,NORMAL,NORMAL,1,SHADOW,0,SHADOW,SHADOW,ok,1,0.067604,/home/runner/work/Price-Call/Price-Call/artifacts_part2_g532/predictions/g532_final_consensus_tape.csv,/home/runner/work/Price-Call/Price-Call/artifacts_part2a_alpha/predictions/part2a21_alpha_positions.csv,/home/runner/work/Price-Call/Price-Call/artifacts_part2a_alpha/predictions/part2a21_alpha_summary_tape.csv,/home/runner/work/Price-Call/Price-Call/artifacts_part2a_alpha/predictions/part2a21_alpha_eligibility.csv,/home/runner/work/Price-Call/Price-Call/artifacts_part2a_alpha/predictions/part2a21_alpha_summary.json,685.2680053710938,92.44933319091797,3.048603632544541,-1.106188990690626,0.01635303594019384,0.0,,0.2284011573948236,685.2680053710938,92.44933319091797,3.048603632544541,1.106188990690626,0.004468655720982961,0.011823877040024513,2026-07-22,legacy-pre-causal-integrity-v3,legacy-pre-causal-integrity-v3,0,,,,,,,,,,,
2026-07-22,2026-07-23,1,687.030029296875,92.78148651123048,686.6459562384771,92.8470022455096,0.2900167828450462,0.2068713450292397,0.5714423076923077,-0.015,NORMAL,NORMAL,1,SHADOW,0,SHADOW,FLAT_VETOED,high_risk_veto,0,0.067915,/home/runner/work/Price-Call/Price-Call/artifacts_part2_g532/predictions/g532_final_consensus_tape.csv,/home/runner/work/Price-Call/Price-Call/artifacts_part2a_alpha/predictions/part2a21_alpha_positions.csv,/home/runner/work/Price-Call/Price-Call/artifacts_part2a_alpha/predictions/part2a21_alpha_summary_tape.csv,/home/runner/work/Price-Call/Price-Call/artifacts_part2a_alpha/predictions/part2a21_alpha_eligibility.csv,/home/runner/work/Price-Call/Price-Call/artifacts_part2a_alpha/predictions/part2a21_alpha_summary.json,676.8695068359375,92.20108032226562,-9.776449402539583,-0.645921923243975,-0.007359155969492315,1.0,,0.2900167828450462,676.8695068359375,92.20108032226562,9.776449402539583,0.645921923243975,0.014237977102633883,0.00695684198328777,2026-07-23,legacy-pre-causal-integrity-v3,legacy-pre-causal-integrity-v3,0,,,,,,,,,,,
2026-07-23,2026-07-24,1,678.6099853515625,92.53234100341795,678.5712920673244,92.48211446045656,0.2354466342935209,0.2070645554202192,0.5710576923076923,-0.015,NORMAL,NORMAL,1,SHADOW,0,SHADOW,FLAT_VETOED,stale_tape,0,0.0,/home/runner/work/Price-Call/Price-Call/artifacts_part2_g532/predictions/g532_final_consensus_tape.csv,/home/runner/work/Price-Call/Price-Call/artifacts_part2a_alpha/predictions/part2a21_alpha_positions.csv,/home/runner/work/Price-Call/Price-Call/artifacts_part2a_alpha/predictions/part2a21_alpha_summary_tape.csv,/home/runner/work/Price-Call/Price-Call/artifacts_part2a_alpha/predictions/part2a21_alpha_eligibility.csv,/home/runner/work/Price-Call/Price-Call/artifacts_part2a_alpha/predictions/part2a21_alpha_summary.json,677.398193359375,92.37982177734375,-1.173098707949407,-0.10229268311280748,-0.0006235805793543005,0.0,,0.2354466342935209,677.398193359375,92.37982177734375,1.173098707949407,0.10229268311280748,0.0017287773910615396,0.0011060807131150286,2026-07-24,legacy-pre-causal-integrity-v3,legacy-pre-causal-integrity-v3,0,,,,,,,,,,,
2026-08-10,2026-08-11,1,710.7100219726562,93.16999816894533,710.977686194178,93.25581438908672,0.2150560684338096,0.2067039106145251,0.5473594387029487,-0.015,NORMAL,NORMAL,1,SHADOW,0,SHADOW,SHADOW,ok,1,0.0594,/home/runner/work/Price-Call/Price-Call/artifacts_part2_g532/predictions/g532_final_consensus_tape.csv,/home/runner/work/Price-Call/Price-Call/artifacts_part2a_alpha/predictions/part2a21_alpha_positions.csv,/home/runner/work/Price-Call/Price-Call/artifacts_part2a_alpha/predictions/part2a21_alpha_summary_tape.csv,/home/runner/work/Price-Call/Price-Call/artifacts_part2a_alpha/predictions/part2a21_alpha_eligibility.csv,/home/runner/work/Price-Call/Price-Call/artifacts_part2a_alpha/predictions/part2a21_alpha_summary.json,706.6030883789062,92.53753662109375,-4.374597815271727,-0.7182777679929728,0.0015601058233536778,0.0,,0.2150560684338096,706.6030883789062,92.53753662109375,4.374597815271727,0.7182777679929728,0.006152932645029542,0.007702230393872678,2026-08-11,legacy-pre-causal-integrity-v3,legacy-pre-causal-integrity-v3,0,,,,,,,,,,,
2026-08-11,2026-08-12,1,710.6500244140625,92.76000213623048,710.7330579571385,92.85844222650525,0.2114071371651639,0.2066537153958232,0.5439461458234569,-0.015,NORMAL,NORMAL,1,SHADOW,0,SHADOW,SHADOW,ok,1,0.061418,/home/runner/work/Price-Call/Price-Call/artifacts_part2_g532/predictions/g532_final_consensus_tape.csv,/home/runner/work/Price-Call/Price-Call/artifacts_part2a_alpha/predictions/part2a21_alpha_positions.csv,/home/runner/work/Price-Call/Price-Call/artifacts_part2a_alpha/predictions/part2a21_alpha_summary_tape.csv,/home/runner/work/Price-Call/Price-Call/artifacts_part2a_alpha/predictions/part2a21_alpha_eligibility.csv,/home/runner/work/Price-Call/Price-Call/artifacts_part2a_alpha/predictions/part2a21_alpha_summary.json,708.3485717773438,92.62721252441406,-2.3844861797947488,-0.2312297020911842,-0.0008673711273864079,1.0,,0.2114071371651639,708.3485717773438,92.62721252441406,2.3844861797947488,0.2312297020911842,0.0033549673159265765,0.00249013117759564,2026-08-12,legacy-pre-causal-integrity-v3,legacy-pre-causal-integrity-v3,0,,,,,,,,,,,
2026-08-12,2026-08-13,1,708.4199829101562,92.87000274658205,709.0168502479078,92.9475214804658,0.2122819026775025,0.2066035445496479,0.5475490660851426,-0.015,NORMAL,NORMAL,1,SHADOW,0,SHADOW,SHADOW,ok,1,0.062239,/home/runner/work/Price-Call/Price-Call/artifacts_part2_g532/predictions/g532_final_consensus_tape.csv,/home/runner/work/Price-Call/Price-Call/artifacts_part2a_alpha/predictions/part2a21_alpha_positions.csv,/home/runner/work/Price-Call/Price-Call/artifacts_part2a_alpha/predictions/part2a21_alpha_summary_tape.csv,/home/runner/work/Price-Call/Price-Call/artifacts_part2a_alpha/predictions/part2a21_alpha_eligibility.csv,/home/runner/work/Price-Call/Price-Call/artifacts_part2a_alpha/predictions/part2a21_alpha_summary.json,713.1163330078125,92.96599578857422,4.099482759904731,0.018474308108423543,0.005566533655448917,1.0,,0.2122819026775025,713.1163330078125,92.96599578857422,4.099482759904731,0.018474308108423543,0.005781925716534589,0.0001987606319583914,2026-08-13,legacy-pre-causal-integrity-v3,legacy-pre-causal-integrity-v3,0,,,,,,,,,,,
2026-08-13,2026-08-14,1,710.1699829101562,92.95999908447266,710.4395092147072,93.04758177704,0.2264770960742878,0.2065533980582524,0.5456527922632028,-0.015,NORMAL,NORMAL,1,SHADOW,0,SHADOW,SHADOW,ok,1,0.047369,/home/runner/work/Price-Call/Price-Call/artifacts_part2_g532/predictions/g532_final_consensus_tape.csv,/home/runner/work/Price-Call/Price-Call/artifacts_part2a_alpha/predictions/part2a21_alpha_positions.csv,/home/runner/work/Price-Call/Price-Call/artifacts_part2a_alpha/predictions/part2a21_alpha_summary_tape.csv,/home/runner/work/Price-Call/Price-Call/artifacts_part2a_alpha/predictions/part2a21_alpha_eligibility.csv,/home/runner/work/Price-Call/Price-Call/artifacts_part2a_alpha/predictions/part2a21_alpha_summary.json,711.77978515625,92.70692443847656,1.3402759415428136,-0.3406573385634317,0.005552594737413626,0.0,,0.2264770960742878,711.77978515625,92.70692443847656,1.3402759415428136,0.3406573385634317,0.0018865447714532426,0.0036611089945326318,2026-08-14,legacy-pre-causal-integrity-v3,legacy-pre-causal-integrity-v3,0,,,,,,,,,,,
2026-08-14,2026-08-17,1,714.9500122070312,93.3000030517578,715.4740633451601,93.388162163079,0.2149250583875588,0.2065032759039068,0.5447994690433299,-0.015,NORMAL,NORMAL,1,SHADOW,0,SHADOW,SHADOW,ok,1,0.062324,/home/runner/work/Price-Call/Price-Call/artifacts_part2_g532/predictions/g532_final_consensus_tape.csv,/home/runner/work/Price-Call/Price-Call/artifacts_part2a_alpha/predictions/part2a21_alpha_positions.csv,/home/runner/work/Price-Call/Price-Call/artifacts_part2a_alpha/predictions/part2a21_alpha_summary_tape.csv,/home/runner/work/Price-Call/Price-Call/artifacts_part2a_alpha/predictions/part2a21_alpha_eligibility.csv,/home/runner/work/Price-Call/Price-Call/artifacts_part2a_alpha/predictions/part2a21_alpha_summary.json,708.4483642578125,92.50763702392578,-7.0256990873475615,-0.880525139153221,-0.0003947823073242638,1.0,,0.2149250583875588,708.4483642578125,92.50763702392578,7.0256990873475615,0.880525139153221,0.009819641895192242,0.00942865903727289,2026-08-17,legacy-pre-causal-integrity-v3,legacy-pre-causal-integrity-v3,0,,,,,,,,,,,
2026-08-17,2026-08-18,1,713.6099853515625,93.04000091552734,713.8120177236196,93.12166942314424,0.2339593314133808,0.2064531780688986,0.5416706172371291,-0.015,NORMAL,NORMAL,1,SHADOW,0,SHADOW,SHADOW,ok,1,0.07855,/home/runner/work/Price-Call/Price-Call/artifacts_part2_g532/predictions/g532_final_consensus_tape.csv,/home/runner/work/Price-Call/Price-Call/artifacts_part2a_alpha/predictions/part2a21_alpha_positions.csv,/home/runner/work/Price-Call/Price-Call/artifacts_part2a_alpha/predictions/part2a21_alpha_summary_tape.csv,/home/runner/work/Price-Call/Price-Call/artifacts_part2a_alpha/predictions/part2a21_alpha_eligibility.csv,/home/runner/work/Price-Call/Price-Call/artifacts_part2a_alpha/predictions/part2a21_alpha_summary.json,703.5908813476562,92.59732055664062,-10.221136375963397,-0.5243488665036153,-0.008775888475031017,1.0,,0.2339593314133808,703.5908813476562,92.59732055664062,10.221136375963397,0.5243488665036153,0.014319086989539747,0.00563079323804836,2026-08-18,legacy-pre-causal-integrity-v3,legacy-pre-causal-integrity-v3,0,,,,,,,,,,,
2026-08-18,2026-08-19,1,713.6099853515625,93.04000091552734,714.0968230401455,93.08102561675749,0.2050122811548823,0.2064031045355323,0.473404759647293,-0.015,NORMAL,NORMAL,1,SHADOW,0,SHADOW,SHADOW,ok,1,0.075008,/home/runner/work/Price-Call/Price-Call/artifacts_part2_g532/predictions/g532_final_consensus_tape.csv,/home/runner/work/Price-Call/Price-Call/artifacts_part2a_alpha/predictions/part2a21_alpha_positions.csv,/home/runner/work/Price-Call/Price-Call/artifacts_part2a_alpha/predictions/part2a21_alpha_summary_tape.csv,/home/runner/work/Price-Call/Price-Call/artifacts_part2a_alpha/predictions/part2a21_alpha_eligibility.csv,/home/runner/work/Price-Call/Price-Call/artifacts_part2a_alpha/predictions/part2a21_alpha_summary.json,705.096923828125,93.04570770263672,-8.999899212020523,-0.03531791412076757,-0.012303781732266175,0.0,,0.2050122811548823,705.096923828125,93.04570770263672,8.999899212020523,0.03531791412076757,0.012603191782460235,0.00037943193993351574,2026-08-19,legacy-pre-causal-integrity-v3,legacy-pre-causal-integrity-v3,0,,,,,,,,,,,
2026-08-19,2026-08-20,1,705.4000244140625,92.93000030517578,705.8361104380167,92.96833980605658,0.2281524466559961,0.2065955383123181,0.5287759552479379,-0.015,NORMAL,NORMAL,1,SHADOW,0,SHADOW,SHADOW,ok,1,0.07744,/home/runner/work/Price-Call/Price-Call/artifacts_part2_g532/predictions/g532_final_consensus_tape.csv,/home/runner/work/Price-Call/Price-Call/artifacts_part2a_alpha/predictions/part2a21_alpha_positions.csv,/home/runner/work/Price-Call/Price-Call/artifacts_part2a_alpha/predictions/part2a21_alpha_summary_tape.csv,/home/runner/work/Price-Call/Price-Call/artifacts_part2a_alpha/predictions/part2a21_alpha_eligibility.csv,/home/runner/work/Price-Call/Price-Call/artifacts_part2a_alpha/predictions/part2a21_alpha_summary.json,699.2120971679688,92.66706848144531,-6.6240132700479535,-0.30127132461126394,-0.006183104865672428,0.0,,0.2281524466559961,699.2120971679688,92.66706848144531,6.6240132700479535,0.30127132461126394,0.009384633588578129,0.0032405798064131628,2026-08-20,legacy-pre-causal-integrity-v3,legacy-pre-causal-integrity-v3,0,,,,,,,,,,,
2026-08-20,2026-08-21,1,701.010009765625,92.66706848144533,701.5877490020696,92.72803367793944,0.2387377189349041,0.1994047619047619,0.5507727315824406,-0.015,FAIL_CLOSED_NEUTRAL,DEFENSE_ONLY,0,ELIGIBLE,0,ELIGIBLE,FLAT_VETOED,fail_closed_live_veto,0,0.080836,/home/runner/work/Price-Call/Price-Call/artifacts_part2_g532/predictions/g532_final_consensus_tape.csv,/home/runner/work/Price-Call/Price-Call/artifacts_part2a_alpha/predictions/part2a21_alpha_positions.csv,/home/runner/work/Price-Call/Price-Call/artifacts_part2a_alpha/predictions/part2a21_alpha_summary_tape.csv,/home/runner/work/Price-Call/Price-Call/artifacts_part2a_alpha/predictions/part2a21_alpha_eligibility.csv,/home/runner/work/Price-Call/Price-Call/artifacts_part2a_alpha/predictions/part2a21_alpha_summary.json,701.9052124023438,92.48770904541016,0.3174634002741641,-0.24032463252927982,0.0030474697213429937,1.0,0.2387377189349041,0.2387377189349041,701.9052124023438,92.48770904541016,0.3174634002741641,0.24032463252927982,0.00045249279327599495,0.0025917149646887696,2026-08-21,legacy-pre-causal-integrity-v3,legacy-pre-causal-integrity-v3,0,,,,,,,,,,,
2026-08-20,2026-08-21,1,701.010009765625,92.66706848144533,701.6175398678815,92.73997614973032,0.2291874760898228,0.1994047619047619,0.5440409595145539,-0.0045865044034359,FAIL_CLOSED_NEUTRAL,DEFENSE_ONLY,0,SHADOW,0,SHADOW,FLAT_VETOED,fail_closed_live_veto,0,0.081398,/home/runner/work/Price-Call/Price-Call/artifacts_part2_g532/predictions/g532_final_consensus_tape.csv,/home/runner/work/Price-Call/Price-Call/artifacts_part2a_alpha/predictions/part2a21_alpha_positions.csv,/home/runner/work/Price-Call/Price-Call/artifacts_part2a_alpha/predictions/part2a21_alpha_summary_tape.csv,/home/runner/work/Price-Call/Price-Call/artifacts_part2a_alpha/predictions/part2a21_alpha_eligibility.csv,/home/runner/work/Price-Call/Price-Call/artifacts_part2a_alpha/predictions/part2a21_alpha_summary.json,701.9052124023438,92.48770904541016,0.2876725344622173,-0.2522671043201683,0.0031337905689010175,1.0,0.2291874760898228,0.2291874760898228,701.9052124023438,92.48770904541016,0.2876725344622173,0.2522671043201683,0.00041001331653765045,0.0027201549406577225,2026-08-21,causal-integrity-v3,causal-integrity-v3,0,79650fbd073f0588f6ce7aa6ea9de7c878a5124a,33784814628.0,0.0,rowwise_trailing_63_observation_20th_percentile_shifted_1,,,,,,,
2026-08-21,2026-08-24,1,701.010009765625,93.0,701.1816232545896,93.0357520247096,0.2197556318748218,0.206495395055744,0.5114250497771878,-0.015,NORMAL,NORMAL,1,SHADOW,0,SHADOW,SHADOW,ok,1,0.08205,/home/runner/work/Price-Call/Price-Call/artifacts_part2_g532/predictions/g532_final_consensus_tape.csv,/home/runner/work/Price-Call/Price-Call/artifacts_part2a_alpha/predictions/part2a21_alpha_positions.csv,/home/runner/work/Price-Call/Price-Call/artifacts_part2a_alpha/predictions/part2a21_alpha_summary_tape.csv,/home/runner/work/Price-Call/Price-Call/artifacts_part2a_alpha/predictions/part2a21_alpha_eligibility.csv,/home/runner/work/Price-Call/Price-Call/artifacts_part2a_alpha/predictions/part2a21_alpha_summary.json,700.030029296875,92.67703247070312,-1.1515939577145673,-0.3587195540064698,0.0022194576722221328,0.0,,0.2197556318748218,700.030029296875,92.67703247070312,1.1515939577145673,0.3587195540064698,0.001642361863919584,0.0038557172506242183,2026-08-24,legacy-pre-causal-integrity-v3,legacy-pre-causal-integrity-v3,0,,,,,,,,,,,
2026-08-24,2026-08-25,1,703.7100219726562,92.81999969482422,703.78757037086,92.8698012235951,0.2252885018172462,0.2064453598255391,0.5114250497771878,-0.015,NORMAL,NORMAL,1,SHADOW,0,SHADOW,SHADOW,ok,1,0.062549,/home/runner/work/Price-Call/Price-Call/artifacts_part2_g532/predictions/g532_final_consensus_tape.csv,/home/runner/work/Price-Call/Price-Call/artifacts_part2a_alpha/predictions/part2a21_alpha_positions.csv,/home/runner/work/Price-Call/Price-Call/artifacts_part2a_alpha/predictions/part2a21_alpha_summary_tape.csv,/home/runner/work/Price-Call/Price-Call/artifacts_part2a_alpha/predictions/part2a21_alpha_eligibility.csv,/home/runner/work/Price-Call/Price-Call/artifacts_part2a_alpha/predictions/part2a21_alpha_summary.json,702.2144165039062,93.17524719238281,-1.573153866953703,0.30544596878770847,-0.005521342925488452,1.0,,0.2252885018172462,702.2144165039062,93.17524719238281,1.573153866953703,0.30544596878770847,0.002235268045618839,0.003288969770187307,2026-08-25,legacy-pre-causal-integrity-v3,legacy-pre-causal-integrity-v3,0,,,,,,,,,,,
2026-08-25,2026-08-26,1,701.8300170898438,93.01000213623048,702.1248753695664,93.08204081852388,0.2337508343244746,0.2066375968992248,0.5192945861382383,-0.015,NORMAL,NORMAL,1,SHADOW,0,SHADOW,SHADOW,ok,1,0.0662,/home/runner/work/Price-Call/Price-Call/artifacts_part2_g532/predictions/g532_final_consensus_tape.csv,/home/runner/work/Price-Call/Price-Call/artifacts_part2a_alpha/predictions/part2a21_alpha_positions.csv,/home/runner/work/Price-Call/Price-Call/artifacts_part2a_alpha/predictions/part2a21_alpha_summary_tape.csv,/home/runner/work/Price-Call/Price-Call/artifacts_part2a_alpha/predictions/part2a21_alpha_eligibility.csv,/home/runner/work/Price-Call/Price-Call/artifacts_part2a_alpha/predictions/part2a21_alpha_summary.json,702.3939208984375,92.98592376708984,0.2690455288710609,-0.09611705143403526,0.0014162534420443175,0.0,,0.2337508343244746,702.3939208984375,92.98592376708984,0.2690455288710609,0.09611705143403526,0.00038318757575630353,0.001032605759272388,2026-08-26,legacy-pre-causal-integrity-v3,legacy-pre-causal-integrity-v3,0,,,,,,,,,,,
2026-08-26,2026-08-27,1,704.02001953125,93.51000213623048,704.4239180632276,93.50698602536568,0.2342349260247047,0.2065875514652458,0.5194842135204323,-0.015,NORMAL,NORMAL,1,ELIGIBLE,0,ELIGIBLE,FLAT_VETOED,high_risk_veto,0,0.0,/home/runner/work/Price-Call/Price-Call/artifacts_part2_g532/predictions/g532_final_consensus_tape.csv,/home/runner/work/Price-Call/Price-Call/artifacts_part2a_alpha/predictions/part2a21_alpha_positions.csv,/home/runner/work/Price-Call/Price-Call/artifacts_part2a_alpha/predictions/part2a21_alpha_summary_tape.csv,/home/runner/work/Price-Call/Price-Call/artifacts_part2a_alpha/predictions/part2a21_alpha_eligibility.csv,/home/runner/work/Price-Call/Price-Call/artifacts_part2a_alpha/predictions/part2a21_alpha_summary.json,706.9322509765625,92.89624786376953,2.5083329133349253,-0.6107381615961458,0.01010739829992766,1.0,,0.2342349260247047,706.9322509765625,92.89624786376953,2.5083329133349253,0.6107381615961458,0.003560828712675515,0.006531470936625747,2026-08-27,legacy-pre-causal-integrity-v3,legacy-pre-causal-integrity-v3,0,,,,,,,,,,,
2026-09-04,2026-09-08,1,708.010009765625,92.25,708.6000338142242,92.3569177541681,0.1996410680495293,0.1964285714285714,0.4943269230769231,-0.0045208359045885,FAIL_CLOSED_NEUTRAL,DEFENSE_ONLY,0,SHADOW,0,SHADOW,FLAT_VETOED,fail_closed_live_veto,0,0.07353,/home/runner/work/Price-Call/Price-Call/artifacts_part2_g532/predictions/g532_final_consensus_tape.csv,/home/runner/work/Price-Call/Price-Call/artifacts_part2a_alpha/predictions/part2a21_alpha_positions.csv,/home/runner/work/Price-Call/Price-Call/artifacts_part2a_alpha/predictions/part2a21_alpha_summary_tape.csv,/home/runner/work/Price-Call/Price-Call/artifacts_part2a_alpha/predictions/part2a21_alpha_eligibility.csv,/home/runner/work/Price-Call/Price-Call/artifacts_part2a_alpha/predictions/part2a21_alpha_summary.json,702.2642822265625,92.16000366210938,-6.335751587661662,-0.19691409205871935,-0.006847061404556979,1.0,0.1827537107701183,0.1996410680495293,702.2642822265625,92.16000366210938,6.335751587661662,0.19691409205871935,0.0089412239420281,0.002132099000779317,2026-09-08,causal-integrity-v3,causal-integrity-v3,0,988365608d832e337dfa2d1e8df40a95c7d86abb,33964706708.0,0.0,rowwise_trailing_63_observation_20th_percentile_shifted_1,1.0,causal-integrity-v3:2026-09-04:33964706708:1,1.0,,,,
2026-09-10,2026-09-11,1,696.6500244140625,91.18000030517578,697.01135963196,91.1754467959646,0.2046162971798238,0.1974206349206349,0.5257425742574258,-0.0043182409012917,FAIL_CLOSED_NEUTRAL,DEFENSE_ONLY,0,SHADOW,0,SHADOW,FLAT_VETOED,fail_closed_live_veto,0,0.052113,/home/runner/work/Price-Call/Price-Call/artifacts_part2_g532/predictions/g532_final_consensus_tape.csv,/home/runner/work/Price-Call/Price-Call/artifacts_part2a_alpha/predictions/part2a21_alpha_positions.csv,/home/runner/work/Price-Call/Price-Call/artifacts_part2a_alpha/predictions/part2a21_alpha_summary_tape.csv,/home/runner/work/Price-Call/Price-Call/artifacts_part2a_alpha/predictions/part2a21_alpha_eligibility.csv,/home/runner/work/Price-Call/Price-Call/artifacts_part2a_alpha/predictions/part2a21_alpha_summary.json,700.7581176757812,91.01000213623047,3.7467580438212735,-0.1654446597341348,0.007177288767153151,1.0,0.2017746560127916,0.2046162971798238,700.7581176757812,91.01000213623047,3.7467580438212735,0.1654446597341348,0.005375461952011311,0.001814574707863755,2026-09-11,causal-integrity-v3,causal-integrity-v3,0,89a995adbdd07b050e4afe40fbcf5c8e12b65296,34632982618.0,0.0,rowwise_trailing_63_observation_20th_percentile_shifted_1,1.0,causal-integrity-v3:2026-09-10:34632982618:1,1.0,,,,
2026-09-11,2026-09-14,1,702.5599975585938,91.01000213623048,702.0820268962455,91.06717239813864,0.2030360756224598,0.1974206349206349,0.5260396039603961,-0.0043182409012917,FAIL_CLOSED_NEUTRAL,DEFENSE_ONLY,0,SHADOW,0,SHADOW,FLAT_VETOED,fail_closed_live_veto,0,0.051919,/home/runner/work/Price-Call/Price-Call/artifacts_part2_g532/predictions/g532_final_consensus_tape.csv,/home/runner/work/Price-Call/Price-Call/artifacts_part2a_alpha/predictions/part2a21_alpha_positions.csv,/home/runner/work/Price-Call/Price-Call/artifacts_part2a_alpha/predictions/part2a21_alpha_summary_tape.csv,/home/runner/work/Price-Call/Price-Call/artifacts_part2a_alpha/predictions/part2a21_alpha_eligibility.csv,/home/runner/work/Price-Call/Price-Call/artifacts_part2a_alpha/predictions/part2a21_alpha_summary.json,697.5064697265625,90.93000030517578,-4.575557169682952,-0.1371720929628566,-0.005031046044704895,1.0,0.2009689280916218,0.2030360756224598,697.5064697265625,90.93000030517578,4.575557169682952,0.1371720929628566,0.006517126196650428,0.0015062737685886502,2026-09-14,causal-integrity-v3,causal-integrity-v3,0,a69123c9fb15815e249945dfe5882a0cad29a460,34723082396.0,0.0,rowwise_trailing_63_observation_20th_percentile_shifted_1,1.0,causal-integrity-v3:2026-09-11:34723082396:1,1.0,,,,
2026-09-14,2026-09-15,1,699.2999877929688,90.93000030517578,699.3073706348831,91.0052776006444,0.2036611206649155,0.1974206349206349,0.5286138613861386,-0.0043182409012917,FAIL_CLOSED_NEUTRAL,DEFENSE_ONLY,0,SHADOW,0,SHADOW,FLAT_VETOED,fail_closed_live_veto,0,0.0,/home/runner/work/Price-Call/Price-Call/artifacts_part2_g532/predictions/g532_final_consensus_tape.csv,/home/runner/work/Price-Call/Price-Call/artifacts_part2a_alpha/predictions/part2a21_alpha_positions.csv,/home/runner/work/Price-Call/Price-Call/artifacts_part2a_alpha/predictions/part2a21_alpha_summary_tape.csv,/home/runner/work/Price-Call/Price-Call/artifacts_part2a_alpha/predictions/part2a21_alpha_eligibility.csv,/home/runner/work/Price-Call/Price-Call/artifacts_part2a_alpha/predictions/part2a21_alpha_summary.json,694.4144287109375,90.81999969482422,-4.892941923945614,-0.1852779058201861,-0.004983454731778376,1.0,0.2020245123117537,0.2036611206649155,694.4144287109375,90.81999969482422,4.892941923945614,0.1852779058201861,0.006996840201331552,0.002035902869647135,2026-09-15,causal-integrity-v3,causal-integrity-v3,0,6fc3f6a5952c85b7d577d3a6064ec53c75013c00,34908981925.0,0.0,rowwise_trailing_63_observation_20th_percentile_shifted_1,1.0,causal-integrity-v3:2026-09-14:34908981925:1,1.0,,,,
2026-09-15,2026-09-16,1,696.2000122070312,90.81999969482422,696.0114625537213,90.85810446969076,0.2013386005371619,0.1974206349206349,0.5161386138613862,-0.0043182409012917,FAIL_CLOSED_NEUTRAL,DEFENSE_ONLY,0,SHADOW,0,SHADOW,FLAT_VETOED,fail_closed_live_veto,0,0.0,/home/runner/work/Price-Call/Price-Call/artifacts_part2_g532/predictions/g532_final_consensus_tape.csv,/home/runner/work/Price-Call/Price-Call/artifacts_part2a_alpha/predictions/part2a21_alpha_positions.csv,/home/runner/work/Price-Call/Price-Call/artifacts_part2a_alpha/predictions/part2a21_alpha_summary_tape.csv,/home/runner/work/Price-Call/Price-Call/artifacts_part2a_alpha/predictions/part2a21_alpha_eligibility.csv,/home/runner/work/Price-Call/Price-Call/artifacts_part2a_alpha/predictions/part2a21_alpha_summary.json,691.4620361328125,90.7300033569336,-4.549426420908844,-0.12810111275716451,-0.0051469827013839176,1.0,0.2013386005371619,0.2013386005371619,691.4620361328125,90.7300033569336,4.549426420908844,0.12810111275716451,0.006536424564355071,0.0014099029855932951,2026-09-16,causal-integrity-v3,causal-integrity-v3,0,7258e3f484bbc0f738f851ccd03a28390cc62a0c,35034424479.0,0.0,rowwise_trailing_63_observation_20th_percentile_shifted_1,1.0,causal-integrity-v3:2026-09-15:35034424479:1,1.0,,,,
2026-09-16,2026-09-17,1,693.239990234375,90.7300033569336,692.9814483214618,90.81364977549268,0.2041238630108009,0.1974206349206349,0.522970297029703,-0.0042288907941037,FAIL_CLOSED_NEUTRAL,DEFENSE_ONLY,0,SHADOW,0,SHADOW,FLAT_VETOED,fail_closed_live_veto,0,0.0,/home/runner/work/Price-Call/Price-Call/artifacts_part2_g532/predictions/g532_final_consensus_tape.csv,/home/runner/work/Price-Call/Price-Call/artifacts_part2a_alpha/predictions/part2a21_alpha_positions.csv,/home/runner/work/Price-Call/Price-Call/artifacts_part2a_alpha/predictions/part2a21_alpha_summary_tape.csv,/home/runner/work/Price-Call/Price-Call/artifacts_part2a_alpha/predictions/part2a21_alpha_eligibility.csv,/home/runner/work/Price-Call/Price-Call/artifacts_part2a_alpha/predictions/part2a21_alpha_summary.json,699.2320556640625,91.25,6.250607342600688,0.4363502245073221,0.004186050529670957,0.0,0.202838013137459,0.2041238630108009,699.2320556640625,91.25,6.250607342600688,0.4363502245073221,0.009019876878004304,0.00480489690245967,2026-09-17,causal-integrity-v3,causal-integrity-v3,0,62e2924ef43094cdd8fffe4b835d96d2a9ed7a31,35161390930.0,0.0,rowwise_trailing_63_observation_20th_percentile_shifted_1,1.0,causal-integrity-v3:2026-09-16:35161390930:1,1.0,,,,
2026-09-17,2026-09-18,1,701.030029296875,91.25,701.5430481178736,91.27145696677952,0.196720865617033,0.1974206349206349,0.5226732673267327,-0.003978791930505,FAIL_CLOSED_NEUTRAL,DEFENSE_ONLY,0,SHADOW,0,SHADOW,FLAT_VETOED,fail_closed_live_veto,0,0.0,/home/runner/work/Price-Call/Price-Call/artifacts_part2_g532/predictions/g532_final_consensus_tape.csv,/home/runner/work/Price-Call/Price-Call/artifacts_part2a_alpha/predictions/part2a21_alpha_positions.csv,/home/runner/work/Price-Call/Price-Call/artifacts_part2a_alpha/predictions/part2a21_alpha_summary_tape.csv,/home/runner/work/Price-Call/Price-Call/artifacts_part2a_alpha/predictions/part2a21_alpha_eligibility.csv,/home/runner/work/Price-Call/Price-Call/artifacts_part2a_alpha/predictions/part2a21_alpha_summary.json,699.9801635742188,90.80000305175781,-1.5628845436548318,-0.4714539150217121,0.002948523862869382,1.0,0.1987216116829806,0.196720865617033,699.9801635742188,90.80000305175781,1.5628845436548318,0.4714539150217121,0.002227781385401506,0.005165403628796123,2026-09-18,causal-integrity-v3,causal-integrity-v3,0,257111450c730f1270deb544e09cef585ff92d73,35285215843.0,0.0,rowwise_trailing_63_observation_20th_percentile_shifted_1,1.0,causal-integrity-v3:2026-09-17:35285215843:1,1.0,,,,
2026-09-18,2026-09-21,1,701.780029296875,90.8000030517578,702.6770463246706,90.88192822332246,0.1979536503802093,0.1974206349206349,0.5137623762376238,-0.003978791930505,FAIL_CLOSED_NEUTRAL,DEFENSE_ONLY,0,SHADOW,0,SHADOW,FLAT_VETOED,fail_closed_live_veto,0,0.056216,/home/runner/work/Price-Call/Price-Call/artifacts_part2_g532/predictions/g532_final_consensus_tape.csv,/home/runner/work/Price-Call/Price-Call/artifacts_part2a_alpha/predictions/part2a21_alpha_positions.csv,/home/runner/work/Price-Call/Price-Call/artifacts_part2a_alpha/predictions/part2a21_alpha_summary_tape.csv,/home/runner/work/Price-Call/Price-Call/artifacts_part2a_alpha/predictions/part2a21_alpha_eligibility.csv,/home/runner/work/Price-Call/Price-Call/artifacts_part2a_alpha/predictions/part2a21_alpha_summary.json,710.9519653320312,91.1500015258789,8.274919007360609,0.268073302556445,0.00876212964853691,1.0,0.1995879654887564,0.1979536503802093,710.9519653320312,91.1500015258789,8.274919007360609,0.268073302556445,0.011776276243321598,0.002949687663951336,2026-09-21,causal-integrity-v3,causal-integrity-v3,0,edfb92ce5498f19e17e14a9fdcce33ebba04e9b7,35403150469.0,0.0,rowwise_trailing_63_observation_20th_percentile_shifted_1,1.0,causal-integrity-v3:2026-09-18:35403150469:1,1.0,,,,
2026-09-21,2026-09-22,1,712.780029296875,91.1500015258789,713.0210248637954,91.2862200174022,0.1982337568440951,0.1974206349206349,0.5166336633663366,-0.0039788413447425,FAIL_CLOSED_NEUTRAL,DEFENSE_ONLY,0,SHADOW,0,SHADOW,FLAT_VETOED,fail_closed_live_veto,0,0.0,/home/runner/work/Price-Call/Price-Call/artifacts_part2_g532/predictions/g532_final_consensus_tape.csv,/home/runner/work/Price-Call/Price-Call/artifacts_part2a_alpha/predictions/part2a21_alpha_positions.csv,/home/runner/work/Price-Call/Price-Call/artifacts_part2a_alpha/predictions/part2a21_alpha_summary_tape.csv,/home/runner/work/Price-Call/Price-Call/artifacts_part2a_alpha/predictions/part2a21_alpha_eligibility.csv,/home/runner/work/Price-Call/Price-Call/artifacts_part2a_alpha/predictions/part2a21_alpha_summary.json,710.9519653320312,91.16000366210938,-2.0690595317641964,-0.1262163552928257,-0.0015224388002100626,1.0,0.1982337568440951,0.1982337568440951,710.9519653320312,91.16000366210938,2.0690595317641964,0.1262163552928257,0.0029018212080905155,0.0013826441194384504,2026-09-22,causal-integrity-v3,causal-integrity-v3,0,7ba3a4769a01198350ff72572761f338a3187aab,35668338734.0,0.0,rowwise_trailing_63_observation_20th_percentile_shifted_1,1.0,causal-integrity-v3:2026-09-21:35668338734:1,1.0,,,,
2026-09-22,2026-09-23,1,712.780029296875,91.16000366210938,713.4394877586989,91.20196861476602,0.1965496625430747,0.1974206349206349,0.5224752475247525,-0.0036609853289997,FAIL_CLOSED_NEUTRAL,DEFENSE_ONLY,0,SHADOW,0,SHADOW,FLAT_VETOED,fail_closed_live_veto,0,0.039066,/home/runner/work/Price-Call/Price-Call/artifacts_part2_g532/predictions/g532_final_consensus_tape.csv,/home/runner/work/Price-Call/Price-Call/artifacts_part2a_alpha/predictions/part2a21_alpha_positions.csv,/home/runner/work/Price-Call/Price-Call/artifacts_part2a_alpha/predictions/part2a21_alpha_summary_tape.csv,/home/runner/work/Price-Call/Price-Call/artifacts_part2a_alpha/predictions/part2a21_alpha_eligibility.csv,/home/runner/work/Price-Call/Price-Call/artifacts_part2a_alpha/predictions/part2a21_alpha_summary.json,705.78515625,90.19000244140625,-7.654331508698874,-1.0119661733597667,0.00037115631789819603,1.0,0.198271115482749,0.1965496625430747,705.78515625,90.19000244140625,7.654331508698874,1.0119661733597667,0.010728774675404201,0.01109588080970354,2026-09-23,causal-integrity-v3,causal-integrity-v3,0,7bff4bc2b74cd2d6f5e0f43e99228154bfce70d5,35796548754.0,0.0,rowwise_trailing_63_observation_20th_percentile_shifted_1,1.0,causal-integrity-v3:2026-09-22:35796548754:1,1.0,,,,
2026-09-23,2026-09-24,1,707.5999755859375,90.19000244140624,708.4754252658655,90.21988617862036,0.1977663281880984,0.1974206349206349,0.5115841584158416,-0.0034048085035108,FAIL_CLOSED_NEUTRAL,DEFENSE_ONLY,0,SHADOW,0,SHADOW,FLAT_VETOED,fail_closed_live_veto,0,0.038615,/home/runner/work/Price-Call/Price-Call/artifacts_part2_g532/predictions/g532_final_consensus_tape.csv,/home/runner/work/Price-Call/Price-Call/artifacts_part2a_alpha/predictions/part2a21_alpha_positions.csv,/home/runner/work/Price-Call/Price-Call/artifacts_part2a_alpha/predictions/part2a21_alpha_summary_tape.csv,/home/runner/work/Price-Call/Price-Call/artifacts_part2a_alpha/predictions/part2a21_alpha_eligibility.csv,/home/runner/work/Price-Call/Price-Call/artifacts_part2a_alpha/predictions/part2a21_alpha_summary.json,705.1767578125,89.69000244140625,-3.2986674533655105,-0.5298837372141065,0.0012236817713802176,1.0,0.1977663281880984,0.1977663281880984,705.1767578125,89.69000244140625,3.2986674533655105,0.5298837372141065,0.004656008290093674,0.0058732476802844215,2026-09-24,causal-integrity-v3,causal-integrity-v3,0,53ccb6caf4c0c3c9b7ef2626e04df65c01d6af23,35950967494.0,0.0,rowwise_trailing_63_observation_20th_percentile_shifted_1,1.0,causal-integrity-v3:2026-09-23:35950967494:1,1.0,,,,
2026-09-24,2026-09-25,1,706.989990234375,89.69000244140625,706.4639326425759,89.78040820984485,0.1989488706551525,0.1974206349206349,0.5110891089108911,-0.0034048085035108,FAIL_CLOSED_NEUTRAL,DEFENSE_ONLY,0,SHADOW,0,SHADOW,FLAT_VETOED,fail_closed_live_veto,0,0.038613,/home/runner/work/Price-Call/Price-Call/artifacts_part2_g532/predictions/g532_final_consensus_tape.csv,/home/runner/work/Price-Call/Price-Call/artifacts_part2a_alpha/predictions/part2a21_alpha_positions.csv,/home/runner/work/Price-Call/Price-Call/artifacts_part2a_alpha/predictions/part2a21_alpha_summary_tape.csv,/home/runner/work/Price-Call/Price-Call/artifacts_part2a_alpha/predictions/part2a21_alpha_eligibility.csv,/home/runner/work/Price-Call/Price-Call/artifacts_part2a_alpha/predictions/part2a21_alpha_summary.json,710.7899780273438,90.0,4.326045384767895,0.21959179015514962,0.0036619563381242465,0.0,0.1989488706551525,0.1989488706551525,710.7899780273438,90.0,4.326045384767895,0.21959179015514962,0.006123519099674389,0.002445876495035476,2026-09-25,causal-integrity-v4,causal-integrity-v4,1,fa50c35187cd4cdf75ffeadb9ece3076d9f31734,36088219332.0,1.0,rowwise_trailing_63_observation_20th_percentile_shifted_1,1.0,causal-integrity-v4:2026-09-24:36088219332:1,1.0,2026-09-25T03:32:44.780451+00:00,1.0,706.989990234375,89.69000244140625
2026-09-25,2026-09-28,1,710.7899780273438,90.0,711.3180809209991,90.0872813875854,0.1951227085541322,0.1974206349206349,0.5260396039603961,-0.0032545405960894,FAIL_CLOSED_NEUTRAL,DEFENSE_ONLY,0,SHADOW,0,SHADOW,FLAT_VETOED,fail_closed_live_veto,0,0.03936,/home/runner/work/Price-Call/Price-Call/artifacts_part2_g532/predictions/g532_final_consensus_tape.csv,/home/runner/work/Price-Call/Price-Call/artifacts_part2a_alpha/predictions/part2a21_alpha_positions.csv,/home/runner/work/Price-Call/Price-Call/artifacts_part2a_alpha/predictions/part2a21_alpha_summary_tape.csv,/home/runner/work/Price-Call/Price-Call/artifacts_part2a_alpha/predictions/part2a21_alpha_eligibility.csv,/home/runner/work/Price-Call/Price-Call/artifacts_part2a_alpha/predictions/part2a21_alpha_summary.json,703.6099853515625,89.52999877929688,-7.708095569436637,-0.5572826082885314,-0.0021222099957299736,1.0,0.1951227085541322,0.1951227085541322,703.6099853515625,89.52999877929688,7.708095569436637,0.5572826082885314,0.010836355459229102,0.006186029811366118,2026-09-28,causal-integrity-v4,causal-integrity-v4,1,14eca617f23ba8bf52ab48c49a48d2f849326bf8,36201384528.0,1.0,rowwise_trailing_63_observation_20th_percentile_shifted_1,1.0,causal-integrity-v4:2026-09-25:36201384528:1,1.0,2026-09-25T23:49:46.215871+00:00,1.0,708.9669799804688,90.0
2026-09-28,2026-09-29,1,703.6099853515625,89.52999877929688,703.0719364400067,89.61992761441405,0.1984713962193754,0.1974206349206349,0.5165346534653465,-0.0032545171582603,FAIL_CLOSED_NEUTRAL,DEFENSE_ONLY,0,SHADOW,0,SHADOW,FLAT_VETOED,fail_closed_live_veto,0,0.0,/home/runner/work/Price-Call/Price-Call/artifacts_part2_g532/predictions/g532_final_consensus_tape.csv,/home/runner/work/Price-Call/Price-Call/artifacts_part2a_alpha/predictions/part2a21_alpha_positions.csv,/home/runner/work/Price-Call/Price-Call/artifacts_part2a_alpha/predictions/part2a21_alpha_summary_tape.csv,/home/runner/work/Price-Call/Price-Call/artifacts_part2a_alpha/predictions/part2a21_alpha_eligibility.csv,/home/runner/work/Price-Call/Price-Call/artifacts_part2a_alpha/predictions/part2a21_alpha_summary.json,702.4600219726562,89.44999694824219,-0.6119144673504024,-0.16993066617186514,0.0010272028191846885,1.0,0.1986065945041506,0.1984713962193754,702.4600219726562,89.44999694824219,0.6119144673504024,0.16993066617186514,0.0008703440368404141,0.0018961259029686415,2026-09-29,causal-integrity-v4,causal-integrity-v4,1,b2e3e304ad1e651e61ff85742bd4e4ce2369fe3d,36513399023.0,1.0,rowwise_trailing_63_observation_20th_percentile_shifted_1,1.0,causal-integrity-v4:2026-09-28:36513399023:1,1.0,2026-09-29T03:14:32.505968+00:00,1.0,703.6099853515625,89.52999877929688
